Age AD,varve number,varve thickness,dark layer,light layer
2005,1,1.06,0.08,0.98
2004,2,1.3,0.1,1.2
2003,3,0.8,0.12,0.68
2002,4,0.7,0.2,0.5
2001,5,0.3,0.14,0.16
2000,6,0.2,0.1,0.1
1999,7,1.5,0.2,1.3
1998,8,0.5,0.3,0.2
1997,9,1.8,0.3,1.5
1996,10,1.6,0.26,1.34
1995,11,0.6,0.1,0.5
1994,12,0.7,0.1,0.6
1993,13,1.1,0.1,1
1992,14,1,0.2,0.8
1991,15,0.5,0.2,0.3
1990,16,0.6,0.2,0.4
1989,17,1.6,0.26,1.34
1988,18,0.8,0.2,0.6
1987,19,0.4,0.15,0.25
1986,20,0.6,0.06,0.54
1985,21,1.6,0.05,1.55
1984,22,0.3,0.1,0.2
1983,23,0.4,0.2,0.2
1982,24,1.6,0.26,1.34
1981,25,0.7,0.1,0.6
1980,26,1.2,0.1,1.1
1979,27,0.5,0.2,0.3
1978,28,1.4,0.1,1.3
1977,29,0.7,0.14,0.56
1976,30,0.8,0.04,0.76
1975,31,1.2,0.1,1.1
1974,32,1.6,0.4,1.2
1973,33,0.3,0.2,0.1
1972,34,1.4,0.4,1
1971,35,3.8,0.2,3.6
1970,36,1.8,0.06,1.74
1969,37,0.4,0.1,0.3
1968,38,1.3,0.1,1.2
1967,39,1,0.2,0.8
1966,40,0.3,0.1,0.2
1965,41,1.4,0.06,1.34
1964,42,0.5,0.2,0.3
1963,43,0.9,0.02,0.88
1962,44,0.7,0.06,0.64
1961,45,0.7,0.2,0.5
1960,46,1.4,0.1,1.3
1959,47,1,0.4,0.6
1958,48,0.5,0.14,0.36
1957,49,1.6,0.14,1.46
1956,50,1.6,0.08,1.52
1955,51,1.4,0.1,1.3
1954,52,0.5,0.04,0.46
1953,53,0.6,0.2,0.4
1952,54,1,0.2,0.8
1951,55,0.6,0.1,0.5
1950,56,1.6,0.02,1.58
1949,57,0.7,0.1,0.6
1948,58,1.3,0.02,1.28
1947,59,1.1,0.1,1
1946,60,1.2,0.3,0.9
1945,61,0.7,0.2,0.5
1944,62,0.6,0.1,0.5
1943,63,1.5,0.05,1.45
1942,64,0.6,0.2,0.4
1941,65,0.5,0.2,0.3
1940,66,0.6,0.2,0.4
1939,67,1.6,0.1,1.5
1938,68,0.7,0.2,0.5
1937,69,0.9,0.02,0.88
1936,70,0.7,0.1,0.6
1935,71,0.5,0.1,0.4
1934,72,0.7,0.1,0.6
1933,73,0.5,0.26,0.24
1932,74,0.7,0.08,0.62
1931,75,0.8,0.4,0.4
1930,76,0.8,0.06,0.74
1929,77,1,0.12,0.88
1928,78,1.8,0.1,1.7
1927,79,0.7,0.2,0.5
1926,80,0.3,0.03,0.27
1925,81,2,0.2,1.8
1924,82,0.2,0.1,0.1
1923,83,1,0.4,0.6
1922,84,1.6,0.02,1.58
1921,85,0.8,0.2,0.6
1920,86,1.1,0.2,0.9
1919,87,0.5,0.1,0.4
1918,88,1,0.02,0.98
1917,89,2.2,0.14,2.06
1916,90,2.4,0.2,2.2
1915,91,0.3,0.04,0.26
1914,92,0.5,0.1,0.4
1913,93,1.4,0.1,1.3
1912,94,0.4,0.2,0.2
1911,95,1.8,0.3,1.5
1910,96,1.2,0.1,1.1
1909,97,0.6,0.04,0.56
1908,98,1,0.1,0.9
1907,99,2.6,0.1,2.5
1906,100,0.5,0.02,0.48
1905,101,0.6,0.02,0.58
1904,102,1,0.14,0.86
1903,103,0.9,0.06,0.84
1902,104,0.4,0.2,0.2
1901,105,0.8,0.2,0.6
1900,106,1,0.2,0.8
1899,107,1,0.02,0.98
1898,108,2,0.14,1.86
1897,109,0.6,0.2,0.4
1896,110,1.6,0.13,1.47
1895,111,1.4,0.2,1.2
1894,112,1.6,0.02,1.58
1893,113,1.7,0.2,1.5
1892,114,1.2,0.12,1.08
1891,115,0.5,0.06,0.44
1890,116,1.6,0.04,1.56
1889,117,0.6,0.1,0.5
1888,118,1.6,0.02,1.58
1887,119,1.2,0.02,1.18
1886,120,1.6,0.3,1.3
1885,121,1.5,0.4,1.1
1884,122,1.6,0.04,1.56
1883,123,1.4,0.03,1.37
1882,124,1,0.14,0.86
1881,125,0.7,0.06,0.64
1880,126,0.9,0.1,0.8
1879,127,0.8,0.06,0.74
1878,128,0.4,0.1,0.3
1877,129,1.6,0.1,1.5
1876,130,2.6,0.02,2.58
1875,131,1,0.1,0.9
1874,132,0.7,0.08,0.62
1873,133,0.9,0.1,0.8
1872,134,2,0.2,1.8
1871,135,2.4,0.1,2.3
1870,136,0.6,0.06,0.54
1869,137,0.5,0.05,0.45
1868,138,1.6,0.1,1.5
1867,139,1,0.08,0.92
1866,140,0.6,0.14,0.46
1865,141,0.6,0.2,0.4
1864,142,1,0.2,0.8
1863,143,2.2,0.06,2.14
1862,144,0.9,0.04,0.86
1861,145,2,0.02,1.98
1860,146,0.6,0.1,0.5
1859,147,0.6,0.2,0.4
1858,148,0.8,0.03,0.77
1857,149,1.1,0.08,1.02
1856,150,1.2,0.04,1.16
1855,151,1,0.2,0.8
1854,152,2,0.12,1.88
1853,153,0.8,0.02,0.78
1852,154,0.5,0.03,0.47
1851,155,0.9,0.2,0.7
1850,156,0.8,0.05,0.75
1849,157,3.2,0.1,3.1
1848,158,1.6,0.12,1.48
1847,159,0.2,0.1,0.1
1846,160,0.3,0.1,0.2
1845,161,0.2,0.14,0.06
1844,162,0.6,0.2,0.4
1843,163,0.4,0.2,0.2
1842,164,1.8,0.1,1.7
1841,165,2,0.1,1.9
1840,166,1.2,0.2,1
1839,167,1.4,0.14,1.26
1838,168,0.9,0.5,0.4
1837,169,0.3,0.2,0.1
1836,170,0.9,0.1,0.8
1835,171,0.5,0.1,0.4
1834,172,0.3,0.2,0.1
1833,173,1.2,0.2,1
1832,174,0.4,0.1,0.3
1831,175,1,0.2,0.8
1830,176,0.6,0.2,0.4
1829,177,2.8,0.2,2.6
1828,178,2,0.2,1.8
1827,179,0.7,0.2,0.5
1826,180,1.7,0.15,1.55
1825,181,0.9,0.2,0.7
1824,182,0.6,0.3,0.3
1823,183,0.4,0.1,0.3
1822,184,5.6,0.14,5.46
1821,185,1,0.2,0.8
1820,186,1,0.2,0.8
1819,187,3.8,0.24,3.56
1818,188,3.6,0.2,3.4
1817,189,1.4,0.1,1.3
1816,190,1.1,0.2,0.9
1815,191,2,0.2,1.8
1814,192,1.2,0.04,1.16
1813,193,1.1,0.02,1.08
1812,194,1,0.2,0.8
1811,195,0.5,0.08,0.42
1810,196,0.8,0.1,0.7
1809,197,1.4,0.06,1.34
1808,198,1.1,0.1,1
1807,199,1,0.02,0.98
1806,200,1.8,0.4,1.4
1805,201,1.7,0.04,1.66
1804,202,2,0.2,1.8
1803,203,1,0.4,0.6
1802,204,0.5,0.2,0.3
1801,205,2,0.2,1.8
1800,206,1.2,0.2,1
1799,207,1.3,0.2,1.1
1798,208,0.8,0.5,0.3
1797,209,0.5,0.04,0.46
1796,210,0.7,0.3,0.4
1795,211,0.6,0.1,0.5
1794,212,1.2,0.1,1.1
1793,213,1.8,0.2,1.6
1792,214,1.2,0.1,1.1
1791,215,0.4,0.1,0.3
1790,216,2,0.2,1.8
1789,217,1.9,0.2,1.7
1788,218,1.6,0.04,1.56
1787,219,2.8,0.02,2.78
1786,220,1.8,0.06,1.74
1785,221,1.2,0.02,1.18
1784,222,0.6,0.04,0.56
1783,223,0.8,0.04,0.76
1782,224,0.4,0.1,0.3
1781,225,0.5,0.06,0.44
1780,226,0.9,0.1,0.8
1779,227,0.8,0.4,0.4
1778,228,1,0.1,0.9
1777,229,0.46,0.2,0.26
1776,230,1.1,0.07,1.03
1775,231,0.6,0.1,0.5
1774,232,0.8,0.2,0.6
1773,233,1.6,0.1,1.5
1772,234,1.1,0.1,1
1771,235,1,0.1,0.9
1770,236,2,0.1,1.9
1769,237,1,0.14,0.86
1768,238,2.2,0.2,2
1767,239,1.8,0.06,1.74
1766,240,0.5,0.1,0.4
1765,241,1,0.06,0.94
1764,242,0.6,0.2,0.4
1763,243,0.5,0.1,0.4
1762,244,0.4,0.1,0.3
1761,245,0.7,0.3,0.4
1760,246,0.3,0.1,0.2
1759,247,0.4,0.06,0.34
1758,248,0.3,0.1,0.2
1757,249,0.26,0.04,0.22
1756,250,0.4,0.1,0.3
1755,251,0.8,0.1,0.7
1754,252,0.9,0.2,0.7
1753,253,0.2,0.06,0.14
1752,254,0.24,0.04,0.2
1751,255,0.16,0.04,0.12
1750,256,0.4,0.14,0.26
1749,257,0.46,0.1,0.36
1748,258,0.8,0.1,0.7
1747,259,0.4,0.1,0.3
1746,260,0.6,0.06,0.54
1745,261,1.2,0.2,1
1744,262,0.8,0.1,0.7
1743,263,0.5,0.2,0.3
1742,264,0.6,0.26,0.34
1741,265,3.2,0.1,3.1
1740,266,1.6,0.1,1.5
1739,267,0.4,0.1,0.3
1738,268,0.2,0.08,0.12
1737,269,0.2,0.04,0.16
1736,270,0.8,0.2,0.6
1735,271,0.3,0.02,0.28
1734,272,0.4,0.1,0.3
1733,273,0.6,0.02,0.58
1732,274,0.6,0.06,0.54
1731,275,0.4,0.02,0.38
1730,276,0.3,0.04,0.26
1729,277,1.3,0.04,1.26
1728,278,0.4,0.2,0.2
1727,279,0.8,0.2,0.6
1726,280,1.4,0.04,1.36
1725,281,1.2,0.06,1.14
1724,282,0.9,0.02,0.88
1723,283,0.9,0.1,0.8
1722,284,0.26,0.1,0.16
1721,285,0.6,0.1,0.5
1720,286,0.2,0.04,0.16
1719,287,0.3,0.06,0.24
1718,288,0.4,0.03,0.37
1717,289,0.34,0.04,0.3
1716,290,0.5,0.1,0.4
1715,291,0.7,0.14,0.56
1714,292,0.54,0.06,0.48
1713,293,0.2,0.02,0.18
1712,294,0.8,0.1,0.7
1711,295,0.7,0.1,0.6
1710,296,0.9,0.08,0.82
1709,297,1.1,0.1,1
1708,298,1.8,0.1,1.7
1707,299,0.3,0.14,0.16
1706,300,0.6,0.1,0.5
1705,301,1.9,0.06,1.84
1704,302,0.8,0.3,0.5
1703,303,0.4,0.2,0.2
1702,304,1.2,0.2,1
1701,305,0.8,0.2,0.6
1700,306,0.6,0.12,0.48
1699,307,0.7,0.3,0.4
1698,308,0.5,0.1,0.4
1697,309,0.8,0.1,0.7
1696,310,0.5,0.02,0.48
1695,311,1,0.02,0.98
1694,312,0.8,0.2,0.6
1693,313,1.5,0.02,1.48
1692,314,1,0.02,0.98
1691,315,0.4,0.04,0.36
1690,316,0.7,0.2,0.5
1689,317,0.3,0.06,0.24
1688,318,0.6,0.3,0.3
1687,319,1.1,0.02,1.08
1686,320,0.8,0.03,0.77
1685,321,0.7,0.02,0.68
1684,322,1,0.1,0.9
1683,323,0.9,0.02,0.88
1682,324,0.6,0.02,0.58
1681,325,0.3,0.02,0.28
1680,326,1,0.02,0.98
1679,327,1.2,0.02,1.18
1678,328,2.6,0.02,2.58
1677,329,0.8,0.03,0.77
1676,330,0.9,0.04,0.86
1675,331,2,0.1,1.9
1674,332,0.9,0.02,0.88
1673,333,0.6,0.02,0.58
1672,334,1.2,0.02,1.18
1671,335,2.1,0.03,2.07
1670,336,1.3,0.2,1.1
1669,337,0.9,0.2,0.7
1668,338,3,0.04,2.96
1667,339,0.8,0.02,0.78
1666,340,0.6,0.03,0.57
1665,341,0.5,0.2,0.3
1664,342,0.9,0.02,0.88
1663,343,0.6,0.02,0.58
1662,344,1.4,0.06,1.34
1661,345,2,0.02,1.98
1660,346,0.6,0.02,0.58
1659,347,1,0.02,0.98
1658,348,1.1,0.04,1.06
1657,349,1,0.02,0.98
1656,350,1.6,0.2,1.4
1655,351,0.4,0.2,0.2
1654,352,0.2,0.1,0.1
1653,353,0.4,0.1,0.3
1652,354,0.7,0.04,0.66
1651,355,0.4,0.2,0.2
1650,356,0.3,0.02,0.28
1649,357,0.26,0.1,0.16
1648,358,0.8,0.4,0.4
1647,359,0.5,0.2,0.3
1646,360,0.5,0.26,0.24
1645,361,0.6,0.1,0.5
1644,362,1.6,0.06,1.54
1643,363,2,0.02,1.98
1642,364,0.6,0.1,0.5
1641,365,1.8,0.14,1.66
1640,366,1.1,0.06,1.04
1639,367,1,0.05,0.95
1638,368,0.5,0.1,0.4
1637,369,1.5,0.2,1.3
1636,370,1.2,0.06,1.14
1635,371,0.7,0.06,0.64
1634,372,0.3,0.04,0.26
1633,373,0.8,0.06,0.74
1632,374,0.8,0.1,0.7
1631,375,0.7,0.1,0.6
1630,376,0.5,0.06,0.44
1629,377,0.46,0.03,0.43
1628,378,0.8,0.06,0.74
1627,379,0.4,0.1,0.3
1626,380,0.5,0.1,0.4
1625,381,0.46,0.3,0.16
1624,382,0.6,0.2,0.4
1623,383,0.4,0.2,0.2
1622,384,0.5,0.2,0.3
1621,385,3,0.12,2.88
1620,386,1.2,0.1,1.1
1619,387,1,0.02,0.98
1618,388,1.6,0.04,1.56
1617,389,0.7,0.03,0.67
1616,390,0.8,0.04,0.76
1615,391,1,0.1,0.9
1614,392,1.4,0.2,1.2
1613,393,1.5,0.2,1.3
1612,394,1.6,0.2,1.4
1611,395,0.8,0.4,0.4
1610,396,0.7,0.1,0.6
1609,397,1.5,0.3,1.2
1608,398,0.9,0.1,0.8
1607,399,0.8,0.1,0.7
1606,400,1.5,0.2,1.3
1605,401,0.5,0.2,0.3
1604,402,1.4,0.1,1.3
1603,403,1.5,0.03,1.47
1602,404,1.6,0.04,1.56
1601,405,1.6,0.08,1.52
1600,406,1,0.04,0.96
1599,407,1.4,0.2,1.2
1598,408,1.3,0.2,1.1
1597,409,1.4,0.2,1.2
1596,410,0.8,0.1,0.7
1595,411,2,0.3,1.7
1594,412,1.2,0.1,1.1
1593,413,1,0.04,0.96
1592,414,0.7,0.03,0.67
1591,415,0.5,0.1,0.4
1590,416,1.6,0.02,1.58
1589,417,1.1,0.04,1.06
1588,418,1,0.02,0.98
1587,419,0.8,0.03,0.77
1586,420,0.6,0.02,0.58
1585,421,4,0.2,3.8
1584,422,1.4,0.04,1.36
1583,423,1.3,0.06,1.24
1582,424,2.4,0.2,2.2
1581,425,1.6,0.2,1.4
1580,426,1.2,0.04,1.16
1579,427,0.5,0.04,0.46
1578,428,1,0.06,0.94
1577,429,1.1,0.2,0.9
1576,430,1.2,0.06,1.14
1575,431,0.9,0.04,0.86
1574,432,1.6,0.1,1.5
1573,433,0.9,0.1,0.8
1572,434,1,0.2,0.8
1571,435,0.7,0.1,0.6
1570,436,0.7,0.04,0.66
1569,437,0.8,0.2,0.6
1568,438,3.6,0.1,3.5
1567,439,0.8,0.1,0.7
1566,440,1,0.2,0.8
1565,441,1.2,0.1,1.1
1564,442,0.8,0.1,0.7
1563,443,0.3,0.04,0.26
1562,444,0.8,0.2,0.6
1561,445,0.5,0.2,0.3
1560,446,0.8,0.2,0.6
1559,447,1.2,0.4,0.8
1558,448,2,0.4,1.6
1557,449,1.6,0.3,1.3
1556,450,2.4,0.4,2
1555,451,1.3,0.1,1.2
1554,452,1.6,0.2,1.4
1553,453,2,0.2,1.8
1552,454,2.4,0.3,2.1
1551,455,1,0.1,0.9
1550,456,1.8,0.02,1.78
1549,457,1.1,0.2,0.9
1548,458,0.4,0.02,0.38
1547,459,0.5,0.2,0.3
1546,460,1,0.02,0.98
1545,461,0.7,0.1,0.6
1544,462,1.6,0.1,1.5
1543,463,1.2,0.3,0.9
1542,464,0.9,0.2,0.7
1541,465,1.2,0.2,1
1540,466,0.5,0.3,0.2
1539,467,0.8,0.2,0.6
1538,468,0.5,0.1,0.4
1537,469,0.6,0.2,0.4
1536,470,0.8,0.1,0.7
1535,471,2,0.06,1.94
1534,472,1.9,0.2,1.7
1533,473,1.2,0.02,1.18
1532,474,0.4,0.1,0.3
1531,475,0.3,0.02,0.28
1530,476,0.5,0.04,0.46
1529,477,0.8,0.2,0.6
1528,478,0.5,0.02,0.48
1527,479,1.2,0.06,1.14
1526,480,0.8,0.04,0.76
1525,481,1,0.03,0.97
1524,482,0.9,0.2,0.7
1523,483,2,0.3,1.7
1522,484,1.8,0.1,1.7
1521,485,0.4,0.03,0.37
1520,486,0.6,0.1,0.5
1519,487,1.2,0.04,1.16
1518,488,0.6,0.03,0.57
1517,489,0.6,0.02,0.58
1516,490,1.2,0.04,1.16
1515,491,0.5,0.2,0.3
1514,492,0.6,0.04,0.56
1513,493,2,0.1,1.9
1512,494,0.4,0.03,0.37
1511,495,0.4,0.02,0.38
1510,496,0.6,0.3,0.3
1509,497,1.4,0.2,1.2
1508,498,1.1,0.2,0.9
1507,499,1,0.1,0.9
1506,500,0.5,0.06,0.44
1505,501,0.6,0.4,0.2
1504,502,1.6,0.2,1.4
1503,503,1.2,0.3,0.9
1502,504,1,0.12,0.88
1501,505,0.7,0.1,0.6
1500,506,0.6,0.1,0.5
1499,507,0.7,0.2,0.5
1498,508,1.2,0.2,1
1497,509,0.6,0.1,0.5
1496,510,0.3,0.03,0.27
1495,511,1,0.2,0.8
1494,512,1.1,0.2,0.9
1493,513,0.8,0.3,0.5
1492,514,3,0.2,2.8
1491,515,0.9,0.1,0.8
1490,516,1.1,0.14,0.96
1489,517,1.4,0.2,1.2
1488,518,0.5,0.02,0.48
1487,519,1,0.1,0.9
1486,520,1,0.06,0.94
1485,521,2.4,0.1,2.3
1484,522,1.6,0.2,1.4
1483,523,1.4,0.1,1.3
1482,524,1.5,0.2,1.3
1481,525,1.3,0.06,1.24
1480,526,0.6,0.2,0.4
1479,527,0.8,0.14,0.66
1478,528,1.4,0.1,1.3
1477,529,0.4,0.1,0.3
1476,530,0.5,0.03,0.47
1475,531,1.4,0.1,1.3
1474,532,0.5,0.04,0.46
1473,533,0.4,0.04,0.36
1472,534,0.9,0.1,0.8
1471,535,0.26,0.1,0.16
1470,536,0.5,0.3,0.2
1469,537,0.5,0.1,0.4
1468,538,0.3,0.06,0.24
1467,539,0.32,0.02,0.3
1466,540,0.6,0.04,0.56
1465,541,1,0.2,0.8
1464,542,1.4,0.3,1.1
1463,543,2,0.06,1.94
1462,544,0.9,0.2,0.7
1461,545,0.7,0.04,0.66
1460,546,0.7,0.1,0.6
1459,547,0.5,0.2,0.3
1458,548,0.6,0.04,0.56
1457,549,0.9,0.1,0.8
1456,550,1.4,0.1,1.3
1455,551,1,0.04,0.96
1454,552,0.7,0.06,0.64
1453,553,0.8,0.14,0.66
1452,554,0.3,0.06,0.24
1451,555,1.2,0.02,1.18
1450,556,0.8,0.04,0.76
1449,557,0.7,0.02,0.68
1448,558,0.4,0.04,0.36
1447,559,1.1,0.1,1
1446,560,1.4,0.3,1.1
1445,561,1.6,0.2,1.4
1444,562,0.6,0.2,0.4
1443,563,1.2,0.4,0.8
1442,564,0.7,0.1,0.6
1441,565,1,0.02,0.98
1440,566,1.8,0.1,1.7
1439,567,0.8,0.1,0.7
1438,568,2.2,0.1,2.1
1437,569,0.7,0.1,0.6
1436,570,1.6,0.14,1.46
1435,571,0.6,0.1,0.5
1434,572,1,0.2,0.8
1433,573,0.8,0.1,0.7
1432,574,1.2,0.2,1
1431,575,3.4,0.1,3.3
1430,576,2.8,0.2,2.6
1429,577,1.4,0.1,1.3
1428,578,2.4,0.2,2.2
1427,579,1.4,0.1,1.3
1426,580,1.6,0.2,1.4
1425,581,1.2,0.2,1
1424,582,1,0.2,0.8
1423,583,1.1,0.16,0.94
1422,584,0.8,0.1,0.7
1421,585,0.6,0.14,0.46
1420,586,0.4,0.04,0.36
1419,587,0.8,0.2,0.6
1418,588,2,0.1,1.9
1417,589,2.1,0.16,1.94
1416,590,2,0.2,1.8
1415,591,1.4,0.1,1.3
1414,592,1.9,0.2,1.7
1413,593,1.6,0.26,1.34
1412,594,1.8,0.2,1.6
1411,595,0.5,0.2,0.3
1410,596,1.1,0.1,1
1409,597,1.2,0.06,1.14
1408,598,0.76,0.2,0.56
1407,599,0.8,0.1,0.7
1406,600,0.5,0.03,0.47
1405,601,0.7,0.1,0.6
1404,602,1.4,0.2,1.2
1403,603,0.9,0.1,0.8
1402,604,2.6,0.2,2.4
1401,605,2.8,0.1,2.7
1400,606,0.4,0.2,0.2
1399,607,1.4,0.2,1.2
1398,608,0.4,0.06,0.34
1397,609,0.3,0.03,0.27
1396,610,0.6,0.2,0.4
1395,611,0.8,0.4,0.4
1394,612,1.3,0.1,1.2
1393,613,1.6,0.4,1.2
1392,614,1.2,0.2,1
1391,615,0.8,0.02,0.78
1390,616,1,0.04,0.96
1389,617,0.8,0.1,0.7
1388,618,1,0.1,0.9
1387,619,1,0.6,0.4
1386,620,0.9,0.2,0.7
1385,621,1.6,0.1,1.5
1384,622,0.8,0.3,0.5
1383,623,1,0.3,0.7
1382,624,1.8,0.4,1.4
1381,625,4,0.4,3.6
1380,626,0.7,0.2,0.5
1379,627,0.8,0.1,0.7
1378,628,0.6,0.1,0.5
1377,629,1.2,0.2,1
1376,630,0.9,0.1,0.8
1375,631,1.1,0.1,1
1374,632,3.4,0.2,3.2
1373,633,0.8,0.06,0.74
1372,634,0.5,0.05,0.45
1371,635,1.6,0.2,1.4
1370,636,0.8,0.06,0.74
1369,637,0.7,0.04,0.66
1368,638,1.9,0.1,1.8
1367,639,0.4,0.06,0.34
1366,640,0.5,0.1,0.4
1365,641,0.5,0.1,0.4
1364,642,2.8,0.1,2.7
1363,643,0.8,0.2,0.6
1362,644,1.2,0.6,0.6
1361,645,1.3,0.2,1.1
1360,646,0.9,0.04,0.86
1359,647,0.9,0.03,0.87
1358,648,2.2,0.2,2
1357,649,1.9,0.2,1.7
1356,650,1.2,0.06,1.14
1355,651,0.7,0.2,0.5
1354,652,0.3,0.1,0.2
1353,653,0.6,0.2,0.4
1352,654,0.9,0.2,0.7
1351,655,1.6,0.2,1.4
1350,656,1.2,0.06,1.14
1349,657,0.6,0.2,0.4
1348,658,0.7,0.2,0.5
1347,659,0.5,0.4,0.1
1346,660,1,0.2,0.8
1345,661,0.6,0.3,0.3
1344,662,2.2,0.4,1.8
1343,663,2.4,0.1,2.3
1342,664,1.2,0.2,1
1341,665,1.4,0.2,1.2
1340,666,0.8,0.4,0.4
1339,667,0.9,0.2,0.7
1338,668,1.1,0.2,0.9
1337,669,2,0.2,1.8
1336,670,3,0.2,2.8
1335,671,1,0.1,0.9
1334,672,2.8,0.1,2.7
1333,673,1.2,0.08,1.12
1332,674,0.9,0.2,0.7
1331,675,1,0.2,0.8
1330,676,0.8,0.1,0.7
1329,677,1.6,0.1,1.5
1328,678,0.8,0.06,0.74
1327,679,0.6,0.1,0.5
1326,680,0.9,0.12,0.78
1325,681,1.1,0.2,0.9
1324,682,0.6,0.14,0.46
1323,683,0.7,0.1,0.6
1322,684,0.4,0.2,0.2
1321,685,0.5,0.2,0.3
1320,686,1.2,0.1,1.1
1319,687,0.6,0.06,0.54
1318,688,3.8,0.06,3.74
1317,689,1.6,0.1,1.5
1316,690,1.7,0.4,1.3
1315,691,1,0.03,0.97
1314,692,1.8,0.2,1.6
1313,693,1.6,0.06,1.54
1312,694,1,0.1,0.9
1311,695,2,0.2,1.8
1310,696,1,0.1,0.9
1309,697,0.3,0.04,0.26
1308,698,0.4,0.1,0.3
1307,699,1.4,0.2,1.2
1306,700,0.8,0.2,0.6
1305,701,0.4,0.2,0.2
1304,702,2,0.2,1.8
1303,703,0.6,0.2,0.4
1302,704,2.9,0.06,2.84
1301,705,0.8,0.1,0.7
1300,706,0.6,0.14,0.46
1299,707,0.5,0.06,0.44
1298,708,1.4,0.2,1.2
1297,709,2.3,0.04,2.26
1296,710,1.6,0.1,1.5
1295,711,0.9,0.1,0.8
1294,712,0.5,0.3,0.2
1293,713,0.8,0.1,0.7
1292,714,0.6,0.08,0.52
1291,715,2.4,0.2,2.2
1290,716,1.8,0.2,1.6
1289,717,1,0.2,0.8
1288,718,0.7,0.2,0.5
1287,719,1,0.1,0.9
1286,720,0.7,0.4,0.3
1285,721,0.7,0.1,0.6
1284,722,0.6,0.04,0.56
1283,723,1,0.03,0.97
1282,724,1.2,0.1,1.1
1281,725,0.5,0.2,0.3
1280,726,0.7,0.2,0.5
1279,727,0.8,0.2,0.6
1278,728,0.7,0.2,0.5
1277,729,1,0.1,0.9
1276,730,0.5,0.1,0.4
1275,731,1.4,0.3,1.1
1274,732,0.6,0.2,0.4
1273,733,1.6,0.04,1.56
1272,734,1.1,0.1,1
1271,735,1.3,0.12,1.18
1270,736,0.7,0.2,0.5
1269,737,0.5,0.1,0.4
1268,738,2.2,0.02,2.18
1267,739,0.4,0.06,0.34
1266,740,1.5,0.4,1.1
1265,741,1,0.02,0.98
1264,742,0.6,0.2,0.4
1263,743,0.5,0.1,0.4
1262,744,0.7,0.1,0.6
1261,745,1.1,0.2,0.9
1260,746,1,0.06,0.94
1259,747,0.7,0.06,0.64
1258,748,0.5,0.06,0.44
1257,749,1,0.2,0.8
1256,750,0.8,0.2,0.6
1255,751,0.7,0.2,0.5
1254,752,1.4,0.3,1.1
1253,753,0.6,0.02,0.58
1252,754,0.3,0.1,0.2
1251,755,0.5,0.2,0.3
1250,756,0.4,0.2,0.2
1249,757,0.6,0.02,0.58
1248,758,0.8,0.06,0.74
1247,759,1.2,0.2,1
1246,760,0.4,0.2,0.2
1245,761,1,0.3,0.7
1244,762,1.5,0.1,1.4
1243,763,1.2,0.1,1.1
1242,764,0.8,0.2,0.6
1241,765,0.8,0.2,0.6
1240,766,0.7,0.1,0.6
1239,767,0.8,0.4,0.4
1238,768,1.1,0.4,0.7
1237,769,0.8,0.2,0.6
1236,770,0.7,0.1,0.6
1235,771,1,0.04,0.96
1234,772,1.2,0.06,1.14
1233,773,1.3,0.4,0.9
1232,774,0.8,0.1,0.7
1231,775,1.4,0.2,1.2
1230,776,0.6,0.1,0.5
1229,777,1.1,0.2,0.9
1228,778,1.7,0.2,1.5
1227,779,1.5,0.2,1.3
1226,780,1.8,0.1,1.7
1225,781,0.6,0.1,0.5
1224,782,1,0.2,0.8
1223,783,1.1,0.2,0.9
1222,784,0.8,0.06,0.74
1221,785,0.7,0.04,0.66
1220,786,0.9,0.2,0.7
1219,787,0.8,0.2,0.6
1218,788,1,0.02,0.98
1217,789,1,0.2,0.8
1216,790,0.8,0.2,0.6
1215,791,1,0.02,0.98
1214,792,0.9,0.2,0.7
1213,793,1,0.1,0.9
1212,794,0.7,0.2,0.5
1211,795,0.9,0.2,0.7
1210,796,1,0.2,0.8
1209,797,1,0.1,0.9
1208,798,0.5,0.06,0.44
1207,799,,,
1206,800,,,
1205,801,,,
1204,802,,,
1203,803,,,
1202,804,,,
1201,805,,,
1200,806,,,
1199,807,,,
1198,808,,,
1197,809,,,
1196,810,,,
1195,811,,,
1194,812,,,
1193,813,,,
1192,814,1,0.04,0.96
1191,815,1.2,0.1,1.1
1190,816,2.4,0.12,2.28
1189,817,1.4,0.1,1.3
1188,818,1.6,0.02,1.58
1187,819,1.4,0.2,1.2
1186,820,1,0.2,0.8
1185,821,1.4,0.1,1.3
1184,822,0.6,0.12,0.48
1183,823,1.2,0.2,1
1182,824,1.1,0.06,1.04
1181,825,1.2,0.04,1.16
1180,826,0.8,0.04,0.76
1179,827,0.8,0.04,0.76
1178,828,1,0.2,0.8
1177,829,1.2,0.1,1.1
1176,830,0.9,0.06,0.84
1175,831,1,0.04,0.96
1174,832,0.5,0.2,0.3
1173,833,0.8,0.2,0.6
1172,834,1.4,0.1,1.3
1171,835,1.1,0.1,1
1170,836,0.4,0.03,0.37
1169,837,1.2,0.1,1.1
1168,838,0.7,0.2,0.5
1167,839,1.6,0.4,1.2
1166,840,1.1,0.2,0.9
1165,841,0.5,0.2,0.3
1164,842,0.6,0.1,0.5
1163,843,1,0.04,0.96
1162,844,0.6,0.04,0.56
1161,845,0.6,0.04,0.56
1160,846,1,0.06,0.94
1159,847,0.7,0.2,0.5
1158,848,0.8,0.1,0.7
1157,849,0.8,0.2,0.6
1156,850,1.5,0.1,1.4
1155,851,1.1,0.06,1.04
1154,852,0.8,0.06,0.74
1153,853,0.9,0.2,0.7
1152,854,1.2,0.2,1
1151,855,0.8,0.24,0.56
1150,856,1.2,0.2,1
1149,857,1.4,0.2,1.2
1148,858,0.7,0.04,0.66
1147,859,1.2,0.02,1.18
1146,860,1,0.3,0.7
1145,861,1.4,0.4,1
1144,862,1.3,0.4,0.9
1143,863,1.4,0.6,0.8
1142,864,1.2,0.06,1.14
1141,865,0.5,0.2,0.3
1140,866,1,0.2,0.8
1139,867,0.9,0.1,0.8
1138,868,1,0.1,0.9
1137,869,1.4,0.2,1.2
1136,870,1.6,0.2,1.4
1135,871,0.5,0.2,0.3
1134,872,1.2,0.2,1
1133,873,0.6,0.04,0.56
1132,874,0.4,0.2,0.2
1131,875,1.2,0.24,0.96
1130,876,0.8,0.1,0.7
1129,877,1,0.2,0.8
1128,878,1.2,0.2,1
1127,879,0.7,0.2,0.5
1126,880,1.2,0.2,1
1125,881,0.8,0.2,0.6
1124,882,0.6,0.1,0.5
1123,883,1.1,0.2,0.9
1122,884,1.2,0.4,0.8
1121,885,1.3,0.06,1.24
1120,886,0.8,0.1,0.7
1119,887,0.8,0.4,0.4
1118,888,1.2,0.2,1
1117,889,1,0.2,0.8
1116,890,0.8,0.1,0.7
1115,891,0.6,0.2,0.4
1114,892,0.7,0.14,0.56
1113,893,1.3,0.2,1.1
1112,894,0.4,0.1,0.3
1111,895,1.2,0.06,1.14
1110,896,1,0.04,0.96
1109,897,0.6,0.2,0.4
1108,898,0.8,0.1,0.7
1107,899,1,0.1,0.9
1106,900,1,0.2,0.8
1105,901,1.1,0.2,0.9
1104,902,0.3,0.02,0.28
1103,903,0.8,0.04,0.76
1102,904,0.4,0.2,0.2
1101,905,1,0.2,0.8
1100,906,0.2,0.1,0.1
1099,907,0.4,0.1,0.3
1098,908,0.4,0.1,0.3
1097,909,0.8,0.1,0.7
1096,910,1,0.06,0.94
1095,911,1.4,0.2,1.2
1094,912,0.9,0.2,0.7
1093,913,1,0.1,0.9
1092,914,1.6,0.1,1.5
1091,915,0.8,0.2,0.6
1090,916,1,0.06,0.94
1089,917,1.1,0.2,0.9
1088,918,0.8,0.06,0.74
1087,919,0.9,0.1,0.8
1086,920,1,0.06,0.94
1085,921,0.7,0.2,0.5
1084,922,0.8,0.06,0.74
1083,923,1.2,0.1,1.1
1082,924,1.4,0.1,1.3
1081,925,1,0.1,0.9
1080,926,1.1,0.04,1.06
1079,927,1.6,0.1,1.5
1078,928,0.8,0.04,0.76
1077,929,0.9,0.04,0.86
1076,930,1.5,0.2,1.3
1075,931,1,0.1,0.9
1074,932,1.1,0.2,0.9
1073,933,1.2,0.2,1
1072,934,0.8,0.2,0.6
1071,935,1.2,0.4,0.8
1070,936,1.6,0.2,1.4
1069,937,1.2,0.2,1
1068,938,1,0.04,0.96
1067,939,1.4,0.06,1.34
1066,940,0.8,0.06,0.74
1065,941,0.6,0.1,0.5
1064,942,0.6,0.2,0.4
1063,943,1.6,0.1,1.5
1062,944,0.8,0.2,0.6
1061,945,0.6,0.2,0.4
1060,946,1,0.2,0.8
1059,947,1,0.2,0.8
1058,948,1,0.2,0.8
1057,949,1.1,0.06,1.04
1056,950,0.7,0.1,0.6
1055,951,1.2,0.06,1.14
1054,952,0.8,0.06,0.74
1053,953,1.2,0.1,1.1
1052,954,1.4,0.2,1.2
1051,955,0.6,0.1,0.5
1050,956,1.2,0.1,1.1
1049,957,1.2,0.2,1
1048,958,1,0.1,0.9
1047,959,0.6,0.1,0.5
1046,960,1.2,0.2,1
1045,961,1.3,0.26,1.04
1044,962,1.2,0.1,1.1
1043,963,0.9,0.06,0.84
1042,964,0.9,0.1,0.8
1041,965,1,0.1,0.9
1040,966,0.6,0.04,0.56
1039,967,0.6,0.2,0.4
1038,968,0.7,0.06,0.64
1037,969,0.6,0.04,0.56
1036,970,0.4,0.03,0.37
1035,971,0.8,0.1,0.7
1034,972,1.2,0.06,1.14
1033,973,1.4,0.2,1.2
1032,974,1.2,0.04,1.16
1031,975,0.8,0.04,0.76
1030,976,1.3,0.06,1.24
1029,977,0.7,0.1,0.6
1028,978,0.9,0.2,0.7
1027,979,1,0.2,0.8
1026,980,0.8,0.2,0.6
1025,981,1.2,0.2,1
1024,982,1.4,0.1,1.3
1023,983,0.8,0.02,0.78
1022,984,1.2,0.2,1
1021,985,1.4,0.2,1.2
1020,986,1.4,0.2,1.2
1019,987,1,0.1,0.9
1018,988,0.6,0.2,0.4
1017,989,2.8,0.4,2.4
1016,990,0.6,0.3,0.3
1015,991,0.9,0.06,0.84
1014,992,1,0.04,0.96
1013,993,1.8,0.4,1.4
1012,994,0.6,0.04,0.56
1011,995,0.8,0.2,0.6
1010,996,0.6,0.1,0.5
1009,997,0.8,0.14,0.66
1008,998,1.4,0.2,1.2
1007,999,1,0.1,0.9
1006,1000,1.1,0.1,1
1005,1001,1.3,0.03,1.27
1004,1002,1.4,0.1,1.3
1003,1003,0.9,0.1,0.8
1002,1004,1.2,0.06,1.14
1001,1005,0.8,0.4,0.4
1000,1006,1.8,0.1,1.7
999,1007,0.9,0.2,0.7
998,1008,1.6,0.2,1.4
997,1009,1,0.2,0.8
996,1010,1,0.1,0.9
995,1011,1.1,0.02,1.08
994,1012,1.2,0.1,1.1
993,1013,1.6,0.1,1.5
992,1014,2,0.2,1.8
991,1015,1.2,0.2,1
990,1016,0.6,0.1,0.5
989,1017,1.1,0.06,1.04
988,1018,1.3,0.1,1.2
987,1019,0.8,0.1,0.7
986,1020,1,0.1,0.9
985,1021,0.5,0.1,0.4
984,1022,2,0.2,1.8
983,1023,0.4,0.04,0.36
982,1024,0.8,0.2,0.6
981,1025,1.1,0.06,1.04
980,1026,0.9,0.2,0.7
979,1027,1,0.2,0.8
978,1028,0.4,0.2,0.2
977,1029,0.8,0.1,0.7
976,1030,1,0.1,0.9
975,1031,0.5,0.2,0.3
974,1032,0.3,0.1,0.2
973,1033,0.7,0.02,0.68
972,1034,0.6,0.03,0.57
971,1035,1.3,0.04,1.26
970,1036,0.6,0.04,0.56
969,1037,1.1,0.2,0.9
968,1038,1.6,0.2,1.4
967,1039,0.4,0.03,0.37
966,1040,0.7,0.1,0.6
965,1041,1.2,0.04,1.16
964,1042,0.7,0.2,0.5
963,1043,0.4,0.1,0.3
962,1044,0.6,0.1,0.5
961,1045,0.5,0.1,0.4
960,1046,0.8,0.1,0.7
959,1047,0.5,0.1,0.4
958,1048,0.4,0.1,0.3
957,1049,0.3,0.1,0.2
956,1050,0.3,0.1,0.2
955,1051,2,0.1,1.9
954,1052,2.4,0.2,2.2
953,1053,1,0.3,0.7
952,1054,0.9,0.1,0.8
951,1055,1.4,0.1,1.3
950,1056,0.6,0.2,0.4
949,1057,1.2,0.1,1.1
948,1058,2.2,0.2,2
947,1059,1.6,0.2,1.4
946,1060,1.2,0.2,1
945,1061,0.8,0.2,0.6
944,1062,1.2,0.2,1
943,1063,0.5,0.1,0.4
942,1064,1,0.04,0.96
941,1065,1,0.06,0.94
940,1066,1.2,0.4,0.8
939,1067,0.8,0.2,0.6
938,1068,1,0.2,0.8
937,1069,0.8,0.02,0.78
936,1070,0.6,0.2,0.4
935,1071,1.2,0.1,1.1
934,1072,,,
933,1073,,,
932,1074,,,
931,1075,,,
930,1076,,,
929,1077,,,
928,1078,,,
927,1079,,,
926,1080,,,
925,1081,,,
924,1082,,,
923,1083,,,
922,1084,,,
921,1085,,,
920,1086,,,
919,1087,,,
918,1088,0.8,0.1,0.7
917,1089,0.5,0.1,0.4
916,1090,0.5,0.04,0.46
915,1091,0.5,0.06,0.44
914,1092,0.6,0.1,0.5
913,1093,0.8,0.1,0.7
912,1094,1.3,0.06,1.24
911,1095,0.6,0.2,0.4
910,1096,1.4,0.1,1.3
909,1097,0.9,0.1,0.8
908,1098,0.6,0.1,0.5
907,1099,0.8,0.2,0.6
906,1100,1.1,0.04,1.06
905,1101,1.2,0.2,1
904,1102,0.7,0.04,0.66
903,1103,1.4,0.06,1.34
902,1104,0.8,0.1,0.7
901,1105,1.1,0.1,1
900,1106,0.4,0.06,0.34
899,1107,0.6,0.1,0.5
898,1108,0.4,0.1,0.3
897,1109,0.4,0.1,0.3
896,1110,1,0.2,0.8
895,1111,1.2,0.04,1.16
894,1112,1,0.2,0.8
893,1113,0.7,0.04,0.66
892,1114,1,0.06,0.94
891,1115,0.6,0.04,0.56
890,1116,1,0.04,0.96
889,1117,1,0.2,0.8
888,1118,1,0.04,0.96
887,1119,0.9,0.1,0.8
886,1120,1.6,0.1,1.5
885,1121,0.6,0.1,0.5
884,1122,0.4,0.1,0.3
883,1123,1.2,0.1,1.1
882,1124,2,0.2,1.8
881,1125,2.4,0.2,2.2
880,1126,2,0.02,1.98
879,1127,0.6,0.1,0.5
878,1128,0.4,0.04,0.36
877,1129,0.8,0.04,0.76
876,1130,,,
875,1131,,,
874,1132,,,
873,1133,,,
872,1134,,,
871,1135,,,
870,1136,,,
869,1137,,,
868,1138,,,
867,1139,,,
866,1140,,,
865,1141,,,
864,1142,0.9,0.04,0.86
863,1143,0.8,0.1,0.7
862,1144,0.8,0.2,0.6
861,1145,0.4,0.1,0.3
860,1146,1,0.1,0.9
859,1147,0.8,0.14,0.66
858,1148,1.1,0.06,1.04
857,1149,1.4,0.2,1.2
856,1150,1.1,0.1,1
855,1151,0.8,0.1,0.7
854,1152,1.2,0.04,1.16
853,1153,0.4,0.04,0.36
852,1154,0.6,0.04,0.56
851,1155,1.1,0.03,1.07
850,1156,0.64,0.04,0.6
849,1157,0.8,0.1,0.7
848,1158,1.4,0.1,1.3
847,1159,1,0.2,0.8
846,1160,1,0.1,0.9
845,1161,1.1,0.2,0.9
844,1162,1.2,0.2,1
843,1163,0.8,0.2,0.6
842,1164,1.2,0.2,1
841,1165,1.1,0.04,1.06
840,1166,0.5,0.06,0.44
839,1167,0.4,0.08,0.32
838,1168,1.2,0.04,1.16
837,1169,0.8,0.1,0.7
836,1170,0.4,0.06,0.34
835,1171,1.1,0.06,1.04
834,1172,0.6,0.1,0.5
833,1173,0.8,0.04,0.76
832,1174,0.8,0.2,0.6
831,1175,0.5,0.1,0.4
830,1176,1,0.1,0.9
829,1177,0.3,0.06,0.24
828,1178,1.2,0.1,1.1
827,1179,0.9,0.06,0.84
826,1180,1.2,0.3,0.9
825,1181,0.4,0.1,0.3
824,1182,0.5,0.1,0.4
823,1183,0.6,0.1,0.5
822,1184,1.2,0.2,1
821,1185,0.3,0.1,0.2
820,1186,1.8,0.4,1.4
819,1187,2.2,0.2,2
818,1188,0.6,0.4,0.2
817,1189,0.6,0.1,0.5
816,1190,2.6,0.14,2.46
815,1191,3,0.1,2.9
814,1192,2.8,0.1,2.7
813,1193,1,0.1,0.9
812,1194,1.1,0.2,0.9
811,1195,1,0.2,0.8
810,1196,1.6,0.04,1.56
809,1197,2.5,0.1,2.4
808,1198,0.5,0.04,0.46
807,1199,0.5,0.03,0.47
806,1200,0.4,0.04,0.36
805,1201,0.6,0.06,0.54
804,1202,0.3,0.1,0.2
803,1203,0.4,0.02,0.38
802,1204,1.7,0.1,1.6
801,1205,0.7,0.1,0.6
800,1206,1.4,0.06,1.34
799,1207,0.6,0.02,0.58
798,1208,0.4,0.14,0.26
797,1209,0.2,0.04,0.16
796,1210,0.2,0.02,0.18
795,1211,0.4,0.2,0.2
794,1212,2.4,0.1,2.3
793,1213,1.6,0.06,1.54
792,1214,0.8,0.02,0.78
791,1215,0.6,0.04,0.56
790,1216,1,0.2,0.8
789,1217,0.6,0.06,0.54
788,1218,1.2,0.1,1.1
787,1219,0.7,0.2,0.5
786,1220,1,0.04,0.96
785,1221,1.6,0.04,1.56
784,1222,1.4,0.03,1.37
783,1223,1.6,0.04,1.56
782,1224,0.7,0.1,0.6
781,1225,1.4,0.04,1.36
780,1226,1.3,0.06,1.24
779,1227,0.8,0.1,0.7
778,1228,0.9,0.04,0.86
777,1229,2.2,0.1,2.1
776,1230,1.2,0.06,1.14
775,1231,1.4,0.1,1.3
774,1232,0.8,0.06,0.74
773,1233,1.5,0.04,1.46
772,1234,0.4,0.1,0.3
771,1235,0.5,0.04,0.46
770,1236,0.6,0.2,0.4
769,1237,1.1,0.04,1.06
768,1238,0.8,0.2,0.6
767,1239,1,0.1,0.9
766,1240,1.1,0.04,1.06
765,1241,0.9,0.1,0.8
764,1242,1.8,0.1,1.7
763,1243,1.2,0.2,1
762,1244,,,
761,1245,,,
760,1246,,,
759,1247,,,
758,1248,,,
757,1249,,,
756,1250,,,
755,1251,,,
754,1252,,,
753,1253,,,
752,1254,,,
751,1255,,,
750,1256,,,
749,1257,,,
748,1258,,,
747,1259,,,
746,1260,,,
745,1261,,,
744,1262,,,
743,1263,,,
742,1264,,,
741,1265,,,
740,1266,,,
739,1267,,,
738,1268,,,
737,1269,,,
736,1270,,,
735,1271,,,
734,1272,,,
733,1273,,,
732,1274,,,
731,1275,,,
730,1276,,,
729,1277,,,
728,1278,,,
727,1279,,,
726,1280,,,
725,1281,,,
724,1282,,,
723,1283,,,
722,1284,,,
721,1285,,,
720,1286,,,
719,1287,,,
718,1288,,,
717,1289,,,
716,1290,,,
715,1291,,,
714,1292,,,
713,1293,,,
712,1294,,,
711,1295,,,
710,1296,,,
709,1297,,,
708,1298,,,
707,1299,,,
706,1300,1.4,0.1,1.3
705,1301,1,0.2,0.8
704,1302,0.5,0.04,0.46
703,1303,1.6,0.1,1.5
702,1304,0.26,0.1,0.16
701,1305,0.9,0.1,0.8
700,1306,0.8,0.1,0.7
699,1307,1,0.1,0.9
698,1308,0.9,0.03,0.87
697,1309,0.4,0.04,0.36
696,1310,0.3,0.1,0.2
695,1311,0.8,0.1,0.7
694,1312,1,0.04,0.96
693,1313,1,0.2,0.8
692,1314,0.6,0.1,0.5
691,1315,0.8,0.1,0.7
690,1316,0.6,0.2,0.4
689,1317,1.4,0.1,1.3
688,1318,0.5,0.14,0.36
687,1319,0.4,0.06,0.34
686,1320,0.6,0.1,0.5
685,1321,1,0.1,0.9
684,1322,2,0.1,1.9
683,1323,0.4,0.1,0.3
682,1324,0.2,0.1,0.1
681,1325,0.6,0.14,0.46
680,1326,1.1,0.06,1.04
679,1327,2.4,0.1,2.3
678,1328,0.6,0.1,0.5
677,1329,0.3,0.06,0.24
676,1330,0.3,0.14,0.16
675,1331,0.6,0.1,0.5
674,1332,1,0.1,0.9
673,1333,0.74,0.04,0.7
672,1334,0.6,0.1,0.5
671,1335,0.7,0.1,0.6
670,1336,1.2,0.1,1.1
669,1337,0.5,0.04,0.46
668,1338,1.1,0.03,1.07
667,1339,0.5,0.2,0.3
666,1340,0.7,0.1,0.6
665,1341,4,0.2,3.8
664,1342,0.3,0.1,0.2
663,1343,0.4,0.04,0.36
662,1344,0.3,0.04,0.26
661,1345,1.2,0.04,1.16
660,1346,0.4,0.03,0.37
659,1347,0.6,0.04,0.56
658,1348,0.8,0.04,0.76
657,1349,0.4,0.1,0.3
656,1350,0.3,0.06,0.24
655,1351,0.24,0.04,0.2
654,1352,0.3,0.1,0.2
653,1353,1.2,0.04,1.16
652,1354,1.7,0.1,1.6
651,1355,0.3,0.04,0.26
650,1356,0.4,0.04,0.36
649,1357,0.5,0.1,0.4
648,1358,0.5,0.2,0.3
647,1359,0.7,0.2,0.5
646,1360,1.4,0.06,1.34
645,1361,0.7,0.04,0.66
644,1362,0.5,0.03,0.47
643,1363,0.4,0.06,0.34
642,1364,0.6,0.04,0.56
641,1365,0.8,0.1,0.7
640,1366,1.9,0.1,1.8
639,1367,0.8,0.1,0.7
638,1368,0.6,0.06,0.54
637,1369,2.3,0.06,2.24
636,1370,1.2,0.1,1.1
635,1371,1,0.1,0.9
634,1372,0.6,0.1,0.5
633,1373,0.4,0.06,0.34
632,1374,0.6,0.1,0.5
631,1375,0.8,0.1,0.7
630,1376,1.4,0.1,1.3
629,1377,0.3,0.1,0.2
628,1378,0.4,0.2,0.2
627,1379,0.4,0.1,0.3
626,1380,2.1,0.2,1.9
625,1381,0.3,0.1,0.2
624,1382,0.4,0.1,0.3
623,1383,0.2,0.1,0.1
622,1384,0.6,0.1,0.5
621,1385,0.2,0.1,0.1
620,1386,0.4,0.2,0.2
619,1387,0.9,0.1,0.8
618,1388,0.6,0.04,0.56
617,1389,2.2,0.1,2.1
616,1390,1,0.04,0.96
615,1391,0.7,0.1,0.6
614,1392,0.8,0.2,0.6
613,1393,0.7,0.2,0.5
612,1394,0.6,0.2,0.4
611,1395,1,0.14,0.86
610,1396,0.7,0.2,0.5
609,1397,,,
608,1398,,,
607,1399,,,
606,1400,,,
605,1401,,,
604,1402,,,
603,1403,,,
602,1404,,,
601,1405,,,
600,1406,0.6,0.1,0.5
599,1407,1,0.1,0.9
598,1408,1.2,0.1,1.1
597,1409,1.1,0.1,1
596,1410,0.3,0.1,0.2
595,1411,0.3,0.04,0.26
594,1412,0.7,0.1,0.6
593,1413,0.8,0.1,0.7
592,1414,0.84,0.04,0.8
591,1415,0.3,0.06,0.24
590,1416,0.6,0.04,0.56
589,1417,0.9,0.04,0.86
588,1418,0.5,0.1,0.4
587,1419,1,0.1,0.9
586,1420,0.3,0.05,0.25
585,1421,0.3,0.1,0.2
584,1422,0.3,0.04,0.26
583,1423,0.5,0.14,0.36
582,1424,,,
581,1425,,,
580,1426,,,
579,1427,,,
578,1428,,,
577,1429,,,
576,1430,,,
575,1431,,,
574,1432,,,
573,1433,,,
572,1434,0.8,0.1,0.7
571,1435,0.9,0.1,0.8
570,1436,0.5,0.1,0.4
569,1437,1,0.1,0.9
568,1438,0.4,0.14,0.26
567,1439,0.2,0.04,0.16
566,1440,1.2,0.04,1.16
565,1441,0.4,0.2,0.2
564,1442,0.8,0.1,0.7
563,1443,0.5,0.1,0.4
562,1444,1.8,0.3,1.5
561,1445,0.3,0.1,0.2
560,1446,0.6,0.1,0.5
559,1447,0.6,0.1,0.5
558,1448,0.6,0.2,0.4
557,1449,0.7,0.04,0.66
556,1450,0.2,0.1,0.1
555,1451,0.4,0.1,0.3
554,1452,0.5,0.1,0.4
553,1453,0.4,0.1,0.3
552,1454,1,0.06,0.94
551,1455,0.5,0.1,0.4
550,1456,0.4,0.04,0.36
549,1457,0.7,0.03,0.67
548,1458,0.9,0.04,0.86
547,1459,2,0.1,1.9
546,1460,1,0.2,0.8
545,1461,0.6,0.1,0.5
544,1462,0.64,0.2,0.44
543,1463,1.8,0.3,1.5
542,1464,0.5,0.03,0.47
541,1465,0.6,0.1,0.5
540,1466,0.5,0.1,0.4
539,1467,0.4,0.1,0.3
538,1468,0.9,0.03,0.87
537,1469,1,0.04,0.96
536,1470,0.8,0.02,0.78
535,1471,0.8,0.2,0.6
534,1472,0.7,0.1,0.6
533,1473,0.8,0.03,0.77
532,1474,0.7,0.1,0.6
531,1475,0.6,0.1,0.5
530,1476,0.4,0.1,0.3
529,1477,0.3,0.1,0.2
528,1478,0.5,0.1,0.4
527,1479,0.2,0.1,0.1
526,1480,0.3,0.04,0.26
525,1481,1.4,0.1,1.3
524,1482,1.3,0.1,1.2
523,1483,0.7,0.1,0.6
522,1484,1.2,0.1,1.1
521,1485,1.6,0.06,1.54
520,1486,1.7,0.3,1.4
519,1487,0.5,0.2,0.3
518,1488,0.2,0.1,0.1
517,1489,0.3,0.1,0.2
516,1490,1,0.1,0.9
515,1491,0.5,0.04,0.46
514,1492,1.4,0.04,1.36
513,1493,0.46,0.1,0.36
512,1494,0.5,0.1,0.4
511,1495,0.8,0.04,0.76
510,1496,1,0.2,0.8
509,1497,1.4,0.1,1.3
508,1498,0.5,0.1,0.4
507,1499,0.5,0.2,0.3
506,1500,0.8,0.1,0.7
505,1501,1,0.2,0.8
504,1502,2.2,0.3,1.9
503,1503,2.3,0.2,2.1
502,1504,1.7,0.06,1.64
501,1505,0.2,0.1,0.1
500,1506,0.5,0.03,0.47
499,1507,0.9,0.2,0.7
498,1508,0.8,0.2,0.6
497,1509,0.3,0.04,0.26
496,1510,1,0.2,0.8
495,1511,1,0.2,0.8
494,1512,1,0.2,0.8
493,1513,0.8,0.1,0.7
492,1514,0.2,0.06,0.14
491,1515,0.3,0.1,0.2
490,1516,0.4,0.1,0.3
489,1517,0.7,0.2,0.5
488,1518,0.8,0.1,0.7
487,1519,0.7,0.03,0.67
486,1520,0.8,0.04,0.76
485,1521,0.6,0.1,0.5
484,1522,1.1,0.04,1.06
483,1523,1.2,0.04,1.16
482,1524,0.6,0.2,0.4
481,1525,0.4,0.2,0.2
480,1526,0.2,0.02,0.18
479,1527,1,0.04,0.96
478,1528,0.2,0.1,0.1
477,1529,0.2,0.04,0.16
476,1530,0.4,0.1,0.3
475,1531,0.8,0.2,0.6
474,1532,1.2,0.04,1.16
473,1533,0.5,0.2,0.3
472,1534,0.3,0.1,0.2
471,1535,0.6,0.06,0.54
470,1536,0.4,0.2,0.2
469,1537,0.8,0.1,0.7
468,1538,0.5,0.04,0.46
467,1539,1.4,0.2,1.2
466,1540,0.6,0.1,0.5
465,1541,0.6,0.04,0.56
464,1542,0.8,0.1,0.7
463,1543,0.5,0.04,0.46
462,1544,0.3,0.04,0.26
461,1545,0.8,0.1,0.7
460,1546,1.4,0.1,1.3
459,1547,1,0.1,0.9
458,1548,0.9,0.1,0.8
457,1549,1,0.1,0.9
456,1550,0.7,0.1,0.6
455,1551,0.8,0.2,0.6
454,1552,1.2,0.2,1
453,1553,3.6,0.2,3.4
452,1554,0.3,0.1,0.2
451,1555,0.4,0.14,0.26
450,1556,1.2,0.1,1.1
449,1557,1.1,0.1,1
448,1558,1.3,0.04,1.26
447,1559,1.4,0.1,1.3
446,1560,1.2,0.1,1.1
445,1561,0.3,0.04,0.26
444,1562,0.7,0.1,0.6
443,1563,1.4,0.1,1.3
442,1564,1,0.2,0.8
441,1565,2.4,0.04,2.36
440,1566,0.4,0.1,0.3
439,1567,0.4,0.1,0.3
438,1568,1.2,0.1,1.1
437,1569,0.2,0.1,0.1
436,1570,0.6,0.14,0.46
435,1571,0.4,0.2,0.2
434,1572,1,0.04,0.96
433,1573,0.4,0.04,0.36
432,1574,1.8,0.03,1.77
431,1575,0.4,0.1,0.3
430,1576,0.5,0.04,0.46
429,1577,0.6,0.1,0.5
428,1578,0.8,0.1,0.7
427,1579,0.3,0.04,0.26
426,1580,0.7,0.1,0.6
425,1581,1.4,0.1,1.3
424,1582,0.7,0.1,0.6
423,1583,0.9,0.1,0.8
422,1584,0.9,0.04,0.86
421,1585,0.6,0.2,0.4
420,1586,0.7,0.2,0.5
419,1587,1.2,0.1,1.1
418,1588,0.7,0.1,0.6
417,1589,0.6,0.1,0.5
416,1590,1,0.2,0.8
415,1591,0.6,0.1,0.5
414,1592,1,0.02,0.98
413,1593,0.5,0.02,0.48
412,1594,1,0.2,0.8
411,1595,2.2,0.1,2.1
410,1596,0.8,0.06,0.74
409,1597,0.5,0.1,0.4
408,1598,0.9,0.04,0.86
407,1599,0.6,0.1,0.5
406,1600,0.6,0.1,0.5
405,1601,0.8,0.04,0.76
404,1602,0.5,0.04,0.46
403,1603,0.8,0.1,0.7
402,1604,0.6,0.1,0.5
401,1605,,,
400,1606,,,
399,1607,,,
398,1608,,,
397,1609,,,
396,1610,,,
395,1611,,,
394,1612,,,
393,1613,,,
392,1614,0.8,0.1,0.7
391,1615,1,0.2,0.8
390,1616,0.7,0.1,0.6
389,1617,0.6,0.2,0.4
388,1618,0.8,0.1,0.7
387,1619,0.7,0.03,0.67
386,1620,1.1,0.2,0.9
385,1621,0.8,0.1,0.7
384,1622,1,0.06,0.94
383,1623,0.8,0.2,0.6
382,1624,1,0.1,0.9
381,1625,0.4,0.04,0.36
380,1626,1.2,0.1,1.1
379,1627,0.4,0.1,0.3
378,1628,1,0.1,0.9
377,1629,0.6,0.1,0.5
376,1630,0.7,0.1,0.6
375,1631,0.3,0.1,0.2
374,1632,0.5,0.04,0.46
373,1633,0.8,0.06,0.74
372,1634,0.6,0.06,0.54
371,1635,0.6,0.1,0.5
370,1636,0.4,0.2,0.2
369,1637,0.2,0.06,0.14
368,1638,0.9,0.1,0.8
367,1639,0.8,0.1,0.7
366,1640,1.2,0.1,1.1
365,1641,0.7,0.1,0.6
364,1642,2,0.1,1.9
363,1643,0.4,0.06,0.34
362,1644,0.5,0.1,0.4
361,1645,0.6,0.1,0.5
360,1646,2,0.1,1.9
359,1647,0.8,0.1,0.7
358,1648,0.7,0.04,0.66
357,1649,0.8,0.2,0.6
356,1650,0.7,0.1,0.6
355,1651,0.6,0.1,0.5
354,1652,0.6,0.1,0.5
353,1653,0.5,0.04,0.46
352,1654,0.9,0.1,0.8
351,1655,0.5,0.1,0.4
350,1656,0.7,0.04,0.66
349,1657,0.3,0.03,0.27
348,1658,0.9,0.02,0.88
347,1659,1.6,0.04,1.56
346,1660,1,0.1,0.9
345,1661,0.4,0.1,0.3
344,1662,0.8,0.04,0.76
343,1663,1.2,0.1,1.1
342,1664,1,0.1,0.9
341,1665,1.1,0.1,1
340,1666,0.9,0.1,0.8
339,1667,1,0.2,0.8
338,1668,0.6,0.1,0.5
337,1669,1,0.1,0.9
336,1670,0.5,0.2,0.3
335,1671,,,
334,1672,,,
333,1673,,,
332,1674,,,
331,1675,,,
330,1676,,,
329,1677,,,
328,1678,,,
327,1679,,,
326,1680,,,
325,1681,,,
324,1682,,,
323,1683,,,
322,1684,,,
321,1685,,,
320,1686,,,
319,1687,,,
318,1688,,,
317,1689,,,
316,1690,,,
315,1691,,,
314,1692,,,
313,1693,,,
312,1694,,,
311,1695,,,
310,1696,,,
309,1697,,,
308,1698,,,
307,1699,,,
306,1700,,,
305,1701,,,
304,1702,,,
303,1703,,,
302,1704,,,
301,1705,,,
300,1706,,,
299,1707,,,
298,1708,,,
297,1709,,,
296,1710,,,
295,1711,,,
294,1712,,,
293,1713,,,
292,1714,,,
291,1715,,,
290,1716,1.2,0.1,1.1
289,1717,1.4,0.1,1.3
288,1718,0.8,0.1,0.7
287,1719,0.8,0.2,0.6
286,1720,,,
285,1721,,,
284,1722,,,
283,1723,,,
282,1724,,,
281,1725,,,
280,1726,,,
279,1727,,,
278,1728,,,
277,1729,,,
276,1730,,,
275,1731,,,
274,1732,1.1,0.2,0.9
273,1733,1,0.1,0.9
272,1734,0.8,0.1,0.7
271,1735,0.9,0.1,0.8
270,1736,0.4,0.1,0.3
269,1737,0.6,0.2,0.4
268,1738,1,0.1,0.9
267,1739,0.4,0.02,0.38
266,1740,0.5,0.1,0.4
265,1741,1.8,0.1,1.7
264,1742,1,0.1,0.9
263,1743,0.8,0.1,0.7
262,1744,1.2,0.1,1.1
261,1745,0.4,0.1,0.3
260,1746,0.9,0.1,0.8
259,1747,0.4,0.04,0.36
258,1748,1,0.2,0.8
257,1749,0.7,0.1,0.6
256,1750,0.6,0.04,0.56
255,1751,0.2,0.04,0.16
254,1752,0.6,0.1,0.5
253,1753,1,0.2,0.8
252,1754,0.9,0.1,0.8
251,1755,0.4,0.1,0.3
250,1756,0.7,0.04,0.66
249,1757,0.7,0.1,0.6
248,1758,1.8,0.1,1.7
247,1759,0.8,0.1,0.7
246,1760,1.2,0.2,1
245,1761,1.5,0.1,1.4
244,1762,1.1,0.2,0.9
243,1763,1.2,0.1,1.1
242,1764,0.8,0.1,0.7
241,1765,0.5,0.2,0.3
240,1766,0.6,0.1,0.5
239,1767,0.6,0.2,0.4
238,1768,1.4,0.2,1.2
237,1769,0.9,0.1,0.8
236,1770,1.8,0.2,1.6
235,1771,0.9,0.1,0.8
234,1772,1,0.06,0.94
233,1773,0.7,0.1,0.6
232,1774,0.8,0.1,0.7
231,1775,1,0.04,0.96
230,1776,0.7,0.04,0.66
229,1777,1,0.03,0.97
228,1778,0.8,0.1,0.7
227,1779,,,
226,1780,,,
225,1781,,,
224,1782,,,
223,1783,,,
222,1784,,,
221,1785,,,
220,1786,,,
219,1787,,,
218,1788,,,
217,1789,0.8,0.2,0.6
216,1790,0.9,0.4,0.5
215,1791,0.5,0.2,0.3
214,1792,0.8,0.2,0.6
213,1793,0.9,0.2,0.7
212,1794,0.4,0.1,0.3
211,1795,0.6,0.1,0.5
210,1796,0.3,0.1,0.2
209,1797,0.3,0.1,0.2
208,1798,0.5,0.1,0.4
207,1799,0.6,0.2,0.4
206,1800,0.5,0.06,0.44
205,1801,0.4,0.1,0.3
204,1802,0.8,0.1,0.7
203,1803,0.9,0.2,0.7
202,1804,0.7,0.1,0.6
201,1805,0.4,0.14,0.26
200,1806,0.8,0.2,0.6
199,1807,0.5,0.1,0.4
198,1808,0.9,0.2,0.7
197,1809,0.5,0.1,0.4
196,1810,0.8,0.1,0.7
195,1811,0.4,0.2,0.2
194,1812,0.6,0.4,0.2
193,1813,0.5,0.1,0.4
192,1814,0.6,0.1,0.5
191,1815,0.3,0.1,0.2
190,1816,0.9,0.1,0.8
189,1817,1.1,0.04,1.06
188,1818,0.6,0.2,0.4
187,1819,0.7,0.2,0.5
186,1820,0.7,0.1,0.6
185,1821,1,0.4,0.6
184,1822,0.6,0.06,0.54
183,1823,0.6,0.1,0.5
182,1824,0.9,0.2,0.7
181,1825,0.8,0.2,0.6
180,1826,1,0.2,0.8
179,1827,1,0.04,0.96
178,1828,0.7,0.06,0.64
177,1829,1,0.1,0.9
176,1830,0.6,0.1,0.5
175,1831,0.5,0.05,0.45
174,1832,0.8,0.08,0.72
173,1833,0.4,0.04,0.36
172,1834,0.6,0.04,0.56
171,1835,0.3,0.1,0.2
170,1836,0.3,0.1,0.2
169,1837,0.8,0.02,0.78
168,1838,0.9,0.1,0.8
167,1839,0.4,0.04,0.36
166,1840,1.4,0.06,1.34
165,1841,0.7,0.04,0.66
164,1842,0.9,0.06,0.84
163,1843,0.4,0.2,0.2
162,1844,0.6,0.1,0.5
161,1845,1,0.1,0.9
160,1846,0.8,0.04,0.76
159,1847,1.5,0.2,1.3
158,1848,1.1,0.3,0.8
157,1849,0.3,0.04,0.26
156,1850,0.7,0.04,0.66
155,1851,1.2,0.2,1
154,1852,0.3,0.1,0.2
153,1853,0.3,0.1,0.2
152,1854,0.6,0.1,0.5
151,1855,0.5,0.04,0.46
150,1856,0.6,0.2,0.4
149,1857,1.2,0.14,1.06
148,1858,0.6,0.1,0.5
147,1859,0.6,0.1,0.5
146,1860,2.2,0.1,2.1
145,1861,0.5,0.1,0.4
144,1862,0.4,0.1,0.3
143,1863,0.6,0.1,0.5
142,1864,0.7,0.1,0.6
141,1865,1.1,0.04,1.06
140,1866,0.4,0.1,0.3
139,1867,0.7,0.1,0.6
138,1868,0.6,0.02,0.58
137,1869,0.4,0.2,0.2
136,1870,0.3,0.1,0.2
135,1871,0.3,0.04,0.26
134,1872,0.7,0.3,0.4
133,1873,0.4,0.04,0.36
132,1874,,,
131,1875,,,
130,1876,,,
129,1877,,,
128,1878,,,
127,1879,,,
126,1880,,,
125,1881,,,
124,1882,,,
123,1883,,,
122,1884,,,
121,1885,,,
120,1886,,,
119,1887,,,
118,1888,,,
117,1889,,,
116,1890,,,
115,1891,,,
114,1892,,,
113,1893,,,
112,1894,0.4,0.1,0.3
111,1895,0.5,0.06,0.44
110,1896,0.5,0.1,0.4
109,1897,1.2,0.1,1.1
108,1898,1.7,0.1,1.6
107,1899,0.5,0.02,0.48
106,1900,0.4,0.14,0.26
105,1901,0.9,0.1,0.8
104,1902,0.8,0.1,0.7
103,1903,1.3,0.1,1.2
102,1904,2.8,0.2,2.6
101,1905,0.3,0.04,0.26
100,1906,0.2,0.1,0.1
99,1907,0.8,0.1,0.7
98,1908,0.4,0.04,0.36
97,1909,1,0.03,0.97
96,1910,0.3,0.1,0.2
95,1911,0.2,0.1,0.1
94,1912,1,0.04,0.96
93,1913,0.7,0.2,0.5
92,1914,1.4,0.2,1.2
91,1915,0.3,0.1,0.2
90,1916,0.8,0.3,0.5
89,1917,,,
88,1918,,,
87,1919,,,
86,1920,,,
85,1921,,,
84,1922,,,
83,1923,,,
82,1924,0.8,0.02,0.78
81,1925,1.4,0.04,1.36
80,1926,0.4,0.1,0.3
79,1927,0.3,0.1,0.2
78,1928,0.5,0.2,0.3
77,1929,0.6,0.1,0.5
76,1930,0.6,0.1,0.5
75,1931,0.2,0.1,0.1
74,1932,0.4,0.1,0.3
73,1933,0.5,0.2,0.3
72,1934,0.8,0.1,0.7
71,1935,0.8,0.1,0.7
70,1936,0.6,0.1,0.5
69,1937,0.6,0.1,0.5
68,1938,0.7,0.2,0.5
67,1939,0.6,0.1,0.5
66,1940,0.4,0.02,0.38
65,1941,0.5,0.08,0.42
64,1942,0.9,0.04,0.86
63,1943,0.5,0.1,0.4
62,1944,0.5,0.2,0.3
61,1945,0.4,0.1,0.3
60,1946,0.9,0.04,0.86
59,1947,1.2,0.2,1
58,1948,0.7,0.1,0.6
57,1949,1.3,0.2,1.1
56,1950,0.6,0.2,0.4
55,1951,,,
54,1952,,,
53,1953,,,
52,1954,,,
51,1955,,,
50,1956,,,
49,1957,,,
48,1958,,,
47,1959,0.9,0.1,0.8
46,1960,0.7,0.1,0.6
45,1961,0.7,0.2,0.5
44,1962,0.9,0.2,0.7
43,1963,0.5,0.2,0.3
42,1964,0.3,0.06,0.24
41,1965,0.26,0.04,0.22
40,1966,0.6,0.04,0.56
39,1967,0.3,0.04,0.26
38,1968,0.7,0.1,0.6
37,1969,0.3,0.04,0.26
36,1970,0.4,0.1,0.3
35,1971,,,
34,1972,,,
33,1973,,,
32,1974,,,
31,1975,,,
30,1976,,,
29,1977,,,
28,1978,,,
27,1979,,,
26,1980,,,
25,1981,,,
24,1982,,,
23,1983,,,
22,1984,,,
21,1985,0.8,0.1,0.7
20,1986,0.6,0.1,0.5
19,1987,,,
18,1988,,,
17,1989,,,
16,1990,,,
15,1991,,,
14,1992,,,
13,1993,,,
12,1994,,,
11,1995,,,
10,1996,,,
9,1997,,,
8,1998,,,
7,1999,,,
6,2000,,,
5,2001,,,
4,2002,,,
3,2003,,,
2,2004,,,
1,2005,,,
0,2006,0.4,0.1,0.3
-1,2007,0.5,0.2,0.3
-2,2008,0.4,0.06,0.34
-3,2009,1,0.2,0.8
-4,2010,,,
-5,2011,,,
-6,2012,,,
-7,2013,,,
-8,2014,,,
-9,2015,,,
-10,2016,,,
-11,2017,,,
-12,2018,,,
-13,2019,,,
-14,2020,,,
-15,2021,,,
-16,2022,,,
-17,2023,,,
-18,2024,,,
-19,2025,,,
-20,2026,,,
-21,2027,,,
-22,2028,,,
-23,2029,0.4,0.2,0.2
-24,2030,0.6,0.2,0.4
-25,2031,1,0.1,0.9
-26,2032,0.8,0.1,0.7
-27,2033,0.6,0.1,0.5
-28,2034,0.5,0.04,0.46
-29,2035,0.4,0.04,0.36
-30,2036,0.8,0.06,0.74
-31,2037,0.7,0.1,0.6
-32,2038,0.3,0.04,0.26
-33,2039,0.8,0.04,0.76
-34,2040,0.5,0.1,0.4
-35,2041,0.4,0.04,0.36
-36,2042,0.7,0.04,0.66
-37,2043,0.3,0.04,0.26
-38,2044,0.6,0.1,0.5
-39,2045,1,0.06,0.94
-40,2046,0.8,0.1,0.7
-41,2047,1,0.1,0.9
-42,2048,0.8,0.04,0.76
-43,2049,0.7,0.04,0.66
-44,2050,0.8,0.04,0.76
-45,2051,0.5,0.04,0.46
-46,2052,0.4,0.1,0.3
-47,2053,0.5,0.04,0.46
-48,2054,0.7,0.1,0.6
-49,2055,0.5,0.04,0.46
-50,2056,0.6,0.03,0.57
-51,2057,0.8,0.2,0.6
-52,2058,1.4,0.1,1.3
-53,2059,0.3,0.1,0.2
-54,2060,0.3,0.06,0.24
-55,2061,0.5,0.04,0.46
-56,2062,1.2,0.04,1.16
-57,2063,0.5,0.1,0.4
-58,2064,0.8,0.4,0.4
-59,2065,0.5,0.1,0.4
-60,2066,0.4,0.1,0.3
-61,2067,0.5,0.1,0.4
-62,2068,0.5,0.1,0.4
-63,2069,0.6,0.1,0.5
-64,2070,0.7,0.1,0.6
-65,2071,0.6,0.2,0.4
-66,2072,0.2,0.1,0.1
-67,2073,0.4,0.04,0.36
-68,2074,0.2,0.04,0.16
-69,2075,0.8,0.1,0.7
-70,2076,0.7,0.2,0.5
-71,2077,1,0.06,0.94
-72,2078,0.3,0.2,0.1
-73,2079,0.6,0.2,0.4
-74,2080,0.7,0.2,0.5
-75,2081,0.6,0.04,0.56
-76,2082,0.4,0.03,0.37
-77,2083,0.3,0.04,0.26
-78,2084,0.2,0.1,0.1
-79,2085,0.4,0.1,0.3
-80,2086,0.3,0.1,0.2
-81,2087,0.3,0.04,0.26
-82,2088,0.6,0.1,0.5
-83,2089,1,0.4,0.6
-84,2090,0.4,0.2,0.2
-85,2091,0.4,0.1,0.3
-86,2092,0.6,0.1,0.5
-87,2093,0.6,0.2,0.4
-88,2094,0.7,0.1,0.6
-89,2095,0.4,0.1,0.3
-90,2096,0.3,0.1,0.2
-91,2097,0.9,0.1,0.8
-92,2098,0.3,0.04,0.26
-93,2099,0.4,0.1,0.3
-94,2100,1.2,0.2,1
-95,2101,0.2,0.1,0.1
-96,2102,0.3,0.1,0.2
-97,2103,0.8,0.04,0.76
-98,2104,1.2,0.1,1.1
-99,2105,0.5,0.1,0.4
-100,2106,1,0.1,0.9
-101,2107,0.6,0.2,0.4
-102,2108,0.4,0.1,0.3
-103,2109,1,0.2,0.8
-104,2110,1,0.1,0.9
-105,2111,0.3,0.1,0.2
-106,2112,0.6,0.1,0.5
-107,2113,0.4,0.1,0.3
-108,2114,0.5,0.2,0.3
-109,2115,0.4,0.04,0.36
-110,2116,1,0.04,0.96
-111,2117,0.8,0.2,0.6
-112,2118,0.7,0.04,0.66
-113,2119,1.2,0.1,1.1
-114,2120,0.4,0.1,0.3
-115,2121,0.6,0.04,0.56
-116,2122,0.5,0.2,0.3
-117,2123,0.3,0.1,0.2
-118,2124,0.7,0.1,0.6
-119,2125,0.4,0.1,0.3
-120,2126,0.5,0.1,0.4
-121,2127,0.8,0.1,0.7
-122,2128,0.4,0.1,0.3
-123,2129,0.5,0.1,0.4
-124,2130,0.8,0.1,0.7
-125,2131,0.8,0.1,0.7
-126,2132,0.9,0.1,0.8
-127,2133,0.8,0.1,0.7
-128,2134,0.9,0.1,0.8
-129,2135,0.6,0.1,0.5
-130,2136,1,0.2,0.8
-131,2137,1.4,0.2,1.2
-132,2138,1,0.1,0.9
-133,2139,0.4,0.04,0.36
-134,2140,0.6,0.1,0.5
-135,2141,0.8,0.1,0.7
-136,2142,0.8,0.1,0.7
-137,2143,0.9,0.2,0.7
-138,2144,0.4,0.1,0.3
-139,2145,1,0.2,0.8
-140,2146,0.6,0.1,0.5
-141,2147,0.3,0.04,0.26
-142,2148,0.8,0.1,0.7
-143,2149,0.9,0.1,0.8
-144,2150,1.1,0.04,1.06
-145,2151,1.2,0.04,1.16
-146,2152,0.3,0.04,0.26
-147,2153,,,
-148,2154,,,
-149,2155,,,
-150,2156,,,
-151,2157,,,
-152,2158,,,
-153,2159,,,
-154,2160,,,
-155,2161,,,
-156,2162,,,
-157,2163,,,
-158,2164,,,
-159,2165,0.2,0.1,0.1
-160,2166,0.5,0.2,0.3
-161,2167,0.4,0.04,0.36
-162,2168,0.4,0.1,0.3
-163,2169,0.6,0.1,0.5
-164,2170,0.7,0.2,0.5
-165,2171,0.8,0.1,0.7
-166,2172,,,
-167,2173,,,
-168,2174,,,
-169,2175,,,
-170,2176,,,
-171,2177,,,
-172,2178,,,
-173,2179,,,
-174,2180,,,
-175,2181,,,
-176,2182,,,
-177,2183,,,
-178,2184,,,
-179,2185,,,
-180,2186,,,
-181,2187,,,
-182,2188,,,
-183,2189,,,
-184,2190,,,
-185,2191,,,
-186,2192,,,
-187,2193,,,
-188,2194,,,
-189,2195,,,
-190,2196,,,
-191,2197,0.7,0.2,0.5
-192,2198,0.6,0.2,0.4
-193,2199,0.6,0.1,0.5
-194,2200,0.4,0.1,0.3
-195,2201,2.2,0.04,2.16
-196,2202,0.4,0.1,0.3
-197,2203,0.4,0.1,0.3
-198,2204,0.7,0.04,0.66
-199,2205,0.6,0.1,0.5
-200,2206,0.7,0.2,0.5
-201,2207,1,0.2,0.8
-202,2208,0.8,0.1,0.7
-203,2209,0.4,0.1,0.3
-204,2210,0.7,0.1,0.6
-205,2211,0.7,0.1,0.6
-206,2212,1,0.1,0.9
-207,2213,1,0.1,0.9
-208,2214,0.6,0.04,0.56
-209,2215,0.8,0.04,0.76
-210,2216,0.5,0.1,0.4
-211,2217,0.6,0.1,0.5
-212,2218,0.6,0.2,0.4
-213,2219,0.4,0.04,0.36
-214,2220,0.5,0.2,0.3
-215,2221,0.7,0.2,0.5
-216,2222,1.2,0.1,1.1
-217,2223,1,0.04,0.96
-218,2224,0.6,0.1,0.5
-219,2225,0.8,0.2,0.6
-220,2226,0.7,0.04,0.66
-221,2227,0.8,0.1,0.7
-222,2228,0.6,0.1,0.5
-223,2229,0.4,0.1,0.3
-224,2230,1,0.2,0.8
-225,2231,1.1,0.1,1
-226,2232,0.7,0.1,0.6
-227,2233,1.2,0.2,1
-228,2234,0.2,0.04,0.16
-229,2235,2.6,0.04,2.56
-230,2236,0.3,0.1,0.2
-231,2237,0.5,0.2,0.3
-232,2238,0.4,0.1,0.3
-233,2239,1,0.1,0.9
-234,2240,0.8,0.1,0.7
-235,2241,1.3,0.1,1.2
-236,2242,1.2,0.1,1.1
-237,2243,0.7,0.04,0.66
-238,2244,0.9,0.1,0.8
-239,2245,1.4,0.2,1.2
-240,2246,1.3,0.1,1.2
-241,2247,,,
-242,2248,,,
-243,2249,,,
-244,2250,,,
-245,2251,,,
-246,2252,,,
-247,2253,,,
-248,2254,,,
-249,2255,,,
-250,2256,,,
-251,2257,,,
-252,2258,,,
-253,2259,0.5,0.2,0.3
-254,2260,0.8,0.1,0.7
-255,2261,0.6,0.04,0.56
-256,2262,0.5,0.2,0.3
-257,2263,2.8,0.2,2.6
-258,2264,0.8,0.14,0.66
-259,2265,0.8,0.2,0.6
-260,2266,,,
-261,2267,,,
-262,2268,,,
-263,2269,,,
-264,2270,,,
-265,2271,,,
-266,2272,,,
-267,2273,,,
-268,2274,,,
-269,2275,,,
-270,2276,,,
-271,2277,,,
-272,2278,,,
-273,2279,,,
-274,2280,,,
-275,2281,,,
-276,2282,,,
-277,2283,,,
-278,2284,,,
-279,2285,1,0.2,0.8
-280,2286,0.6,0.04,0.56
-281,2287,1,0.06,0.94
-282,2288,0.3,0.2,0.1
-283,2289,0.5,0.1,0.4
-284,2290,0.8,0.06,0.74
-285,2291,0.4,0.14,0.26
-286,2292,0.5,0.1,0.4
-287,2293,0.9,0.2,0.7
-288,2294,0.6,0.24,0.36
-289,2295,1.3,0.1,1.2
-290,2296,0.6,0.04,0.56
-291,2297,0.8,0.02,0.78
-292,2298,0.9,0.1,0.8
-293,2299,1,0.2,0.8
-294,2300,0.5,0.4,0.1
-295,2301,1,0.2,0.8
-296,2302,1.3,0.4,0.9
-297,2303,1.4,0.2,1.2
-298,2304,0.6,0.2,0.4
-299,2305,,,
-300,2306,,,
-301,2307,,,
-302,2308,,,
-303,2309,,,
-304,2310,,,
-305,2311,,,
-306,2312,,,
-307,2313,,,
-308,2314,,,
-309,2315,,,
-310,2316,,,
-311,2317,,,
-312,2318,,,
-313,2319,,,
-314,2320,,,
-315,2321,,,
-316,2322,,,
-317,2323,,,
-318,2324,,,
-319,2325,,,
-320,2326,,,
-321,2327,,,
-322,2328,,,
-323,2329,,,
-324,2330,,,
-325,2331,,,
-326,2332,,,
-327,2333,,,
-328,2334,,,
-329,2335,,,
-330,2336,,,
-331,2337,,,
-332,2338,,,
-333,2339,,,
-334,2340,,,
-335,2341,,,
-336,2342,,,
-337,2343,,,
-338,2344,,,
-339,2345,,,
-340,2346,,,
-341,2347,,,
-342,2348,,,
-343,2349,1.2,0.1,1.1
-344,2350,0.6,0.04,0.56
-345,2351,1,0.2,0.8
-346,2352,0.8,0.1,0.7
-347,2353,0.2,0.04,0.16
-348,2354,0.4,0.06,0.34
-349,2355,0.6,0.04,0.56
-350,2356,0.3,0.4,0.1
-351,2357,1.4,0.1,1.3
-352,2358,1,0.3,0.7
-353,2359,0.8,0.2,0.6
-354,2360,0.4,0.2,0.2
-355,2361,0.6,0.2,0.4
-356,2362,0.8,0.2,0.6
-357,2363,1.2,0.2,1
-358,2364,1.3,0.2,1.1
-359,2365,1,0.1,0.9
-360,2366,0.8,0.2,0.6
-361,2367,0.9,0.2,0.7
-362,2368,0.4,0.04,0.36
-363,2369,0.9,0.1,0.8
-364,2370,0.6,0.04,0.56
-365,2371,1.3,0.06,1.24
-366,2372,,,
-367,2373,,,
-368,2374,,,
-369,2375,,,
-370,2376,,,
-371,2377,,,
-372,2378,,,
-373,2379,,,
-374,2380,,,
-375,2381,,,
-376,2382,,,
-377,2383,,,
-378,2384,,,
-379,2385,,,
-380,2386,,,
-381,2387,,,
-382,2388,0.8,0.1,0.7
-383,2389,1.6,0.4,1.2
-384,2390,1.2,0.2,1
-385,2391,1.2,0.2,1
-386,2392,1,0.4,0.6
-387,2393,1.1,0.2,0.9
-388,2394,1,0.04,0.96
-389,2395,0.9,0.04,0.86
-390,2396,0.7,0.1,0.6
-391,2397,0.5,0.04,0.46
-392,2398,0.8,0.6,0.2
-393,2399,0.4,0.2,0.2
-394,2400,0.7,0.4,0.3
-395,2401,0.6,0.1,0.5
-396,2402,0.9,0.06,0.84
-397,2403,0.6,0.1,0.5
-398,2404,0.9,0.1,0.8
-399,2405,0.8,0.1,0.7
-400,2406,0.6,0.2,0.4
-401,2407,0.4,0.1,0.3
-402,2408,0.6,0.1,0.5
-403,2409,1,0.2,0.8
-404,2410,0.7,0.3,0.4
-405,2411,0.5,0.2,0.3
-406,2412,0.8,0.1,0.7
-407,2413,1,0.1,0.9
-408,2414,1.7,0.2,1.5
-409,2415,0.5,0.2,0.3
-410,2416,1,0.1,0.9
-411,2417,1,0.2,0.8
-412,2418,0.9,0.2,0.7
-413,2419,0.8,0.2,0.6
-414,2420,0.4,0.1,0.3
-415,2421,1.2,0.1,1.1
-416,2422,0.5,0.1,0.4
-417,2423,0.4,0.1,0.3
-418,2424,0.8,0.04,0.76
-419,2425,0.4,0.04,0.36
-420,2426,0.5,0.06,0.44
-421,2427,0.4,0.03,0.37
-422,2428,0.8,0.2,0.6
-423,2429,0.7,0.03,0.67
-424,2430,0.3,0.2,0.1
-425,2431,0.5,0.2,0.3
-426,2432,0.6,0.1,0.5
-427,2433,0.4,0.2,0.2
-428,2434,0.6,0.1,0.5
-429,2435,0.5,0.2,0.3
-430,2436,0.6,0.1,0.5
-431,2437,0.14,0.04,0.1
-432,2438,0.6,0.1,0.5
-433,2439,1.6,0.1,1.5
-434,2440,1.4,0.02,1.38
-435,2441,0.9,0.2,0.7
-436,2442,0.9,0.2,0.7
-437,2443,0.6,0.2,0.4
-438,2444,0.9,0.2,0.7
-439,2445,1,0.1,0.9
-440,2446,0.7,0.04,0.66
-441,2447,0.9,0.1,0.8
-442,2448,0.4,0.1,0.3
-443,2449,0.6,0.1,0.5
-444,2450,0.4,0.1,0.3
-445,2451,0.6,0.1,0.5
-446,2452,0.4,0.1,0.3
-447,2453,0.6,0.2,0.4
-448,2454,2.2,0.3,1.9
-449,2455,0.7,0.2,0.5
-450,2456,0.4,0.1,0.3
-451,2457,0.4,0.1,0.3
-452,2458,0.1,0.04,0.06
-453,2459,0.08,0.02,0.06
-454,2460,0.5,0.3,0.2
-455,2461,0.3,0.1,0.2
-456,2462,0.28,0.1,0.18
-457,2463,0.5,0.2,0.3
-458,2464,0.4,0.1,0.3
-459,2465,0.8,0.2,0.6
-460,2466,0.6,0.2,0.4
-461,2467,4.8,0.3,4.5
-462,2468,0.6,0.1,0.5
-463,2469,0.4,0.06,0.34
-464,2470,1,0.1,0.9
-465,2471,0.7,0.14,0.56
-466,2472,1.4,0.2,1.2
-467,2473,0.9,0.1,0.8
-468,2474,1.1,0.1,1
-469,2475,0.9,0.1,0.8
-470,2476,1.2,0.1,1.1
-471,2477,1.1,0.1,1
-472,2478,0.6,0.1,0.5
-473,2479,1.3,0.04,1.26
-474,2480,0.3,0.2,0.1
-475,2481,0.7,0.04,0.66
-476,2482,1.2,0.04,1.16
-477,2483,0.4,0.04,0.36
-478,2484,0.9,0.1,0.8
-479,2485,0.8,0.04,0.76
-480,2486,0.7,0.04,0.66
-481,2487,0.6,0.14,0.46
-482,2488,0.64,0.04,0.6
-483,2489,1.9,0.04,1.86
-484,2490,1.2,0.2,1
-485,2491,0.4,0.2,0.2
-486,2492,1.4,0.2,1.2
-487,2493,0.4,0.06,0.34
-488,2494,0.5,0.04,0.46
-489,2495,1,0.1,0.9
-490,2496,0.4,0.04,0.36
-491,2497,0.9,0.1,0.8
-492,2498,1.2,0.04,1.16
-493,2499,0.5,0.06,0.44
-494,2500,0.8,0.04,0.76
-495,2501,0.6,0.1,0.5
-496,2502,1.1,0.2,0.9
-497,2503,2.4,0.1,2.3
-498,2504,0.4,0.1,0.3
-499,2505,1.6,0.1,1.5
-500,2506,1.6,0.2,1.4
-501,2507,0.6,0.2,0.4
-502,2508,1,0.2,0.8
-503,2509,0.2,0.04,0.16
-504,2510,0.8,0.1,0.7
-505,2511,0.4,0.1,0.3
-506,2512,0.4,0.12,0.28
-507,2513,2,0.04,1.96
-508,2514,0.2,0.04,0.16
-509,2515,0.4,0.1,0.3
-510,2516,0.3,0.02,0.28
-511,2517,0.2,0.04,0.16
-512,2518,0.7,0.03,0.67
-513,2519,0.8,0.1,0.7
-514,2520,,,
-515,2521,,,
-516,2522,,,
-517,2523,,,
-518,2524,,,
-519,2525,,,
-520,2526,,,
-521,2527,,,
-522,2528,,,
-523,2529,,,
-524,2530,,,
-525,2531,,,
-526,2532,1.2,0.1,1.1
-527,2533,0.4,0.1,0.3
-528,2534,0.5,0.06,0.44
-529,2535,1,0.1,0.9
-530,2536,1.1,0.1,1
-531,2537,0.6,0.1,0.5
-532,2538,1,0.2,0.8
-533,2539,2.2,0.2,2
-534,2540,1.2,0.06,1.14
-535,2541,0.3,0.02,0.28
-536,2542,0.2,0.02,0.18
-537,2543,0.6,0.04,0.56
-538,2544,0.8,0.04,0.76
-539,2545,2,0.1,1.9
-540,2546,1.8,0.2,1.6
-541,2547,,,
-542,2548,,,
-543,2549,,,
-544,2550,,,
-545,2551,,,
-546,2552,,,
-547,2553,,,
-548,2554,,,
-549,2555,,,
-550,2556,,,
-551,2557,,,
-552,2558,,,
-553,2559,1.3,0.04,1.26
-554,2560,0.24,0.1,0.14
-555,2561,0.5,0.04,0.46
-556,2562,0.5,0.04,0.46
-557,2563,0.4,0.04,0.36
-558,2564,1.2,0.04,1.16
-559,2565,0.2,0.03,0.17
-560,2566,3.4,0.2,3.2
-561,2567,0.5,0.2,0.3
-562,2568,0.4,0.06,0.34
-563,2569,1.1,0.1,1
-564,2570,0.6,0.1,0.5
-565,2571,0.8,0.1,0.7
-566,2572,1,0.1,0.9
-567,2573,0.6,0.1,0.5
-568,2574,0.5,0.1,0.4
-569,2575,0.6,0.2,0.4
-570,2576,0.2,0.1,0.1
-571,2577,2,0.2,1.8
-572,2578,0.3,0.1,0.2
-573,2579,1.2,0.2,1
-574,2580,0.7,0.1,0.6
-575,2581,1.2,0.1,1.1
-576,2582,1.3,0.2,1.1
-577,2583,0.8,0.2,0.6
-578,2584,0.5,0.1,0.4
-579,2585,0.9,0.2,0.7
-580,2586,1.3,0.2,1.1
-581,2587,0.5,0.1,0.4
-582,2588,0.9,0.04,0.86
-583,2589,2.8,0.1,2.7
-584,2590,0.4,0.1,0.3
-585,2591,0.3,0.2,0.1
-586,2592,0.4,0.2,0.2
-587,2593,0.3,0.04,0.26
-588,2594,5.4,0.1,5.3
-589,2595,0.3,0.04,0.26
-590,2596,0.1,0.02,0.08
-591,2597,1.4,0.02,1.38
-592,2598,0.2,0.04,0.16
-593,2599,0.4,0.1,0.3
-594,2600,0.6,0.2,0.4
-595,2601,0.5,0.2,0.3
-596,2602,3.2,0.2,3
-597,2603,0.6,0.02,0.58
-598,2604,0.9,0.04,0.86
-599,2605,0.7,0.1,0.6
-600,2606,0.5,0.1,0.4
-601,2607,1,0.2,0.8
-602,2608,0.3,0.1,0.2
-603,2609,0.4,0.1,0.3
-604,2610,0.4,0.1,0.3
-605,2611,0.5,0.1,0.4
-606,2612,0.6,0.06,0.54
-607,2613,0.5,0.1,0.4
-608,2614,0.6,0.1,0.5
-609,2615,1,0.04,0.96
-610,2616,1.1,0.04,1.06
-611,2617,0.3,0.04,0.26
-612,2618,0.7,0.04,0.66
-613,2619,0.6,0.1,0.5
-614,2620,1.1,0.1,1
-615,2621,3.4,0.04,3.36
-616,2622,1.8,0.06,1.74
-617,2623,0.4,0.1,0.3
-618,2624,1,0.2,0.8
-619,2625,1.4,0.4,1
-620,2626,2,0.2,1.8
-621,2627,0.2,0.04,0.16
-622,2628,0.6,0.2,0.4
-623,2629,0.6,0.06,0.54
-624,2630,0.4,0.1,0.3
-625,2631,0.3,0.04,0.26
-626,2632,0.5,0.1,0.4
-627,2633,0.4,0.1,0.3
-628,2634,0.3,0.04,0.26
-629,2635,1.2,0.1,1.1
-630,2636,0.4,0.14,0.26
-631,2637,0.2,0.1,0.1
-632,2638,0.4,0.1,0.3
-633,2639,0.8,0.3,0.5
-634,2640,1,0.2,0.8
-635,2641,0.9,0.1,0.8
-636,2642,1.2,0.1,1.1
-637,2643,0.4,0.1,0.3
-638,2644,1.4,0.06,1.34
-639,2645,0.7,0.2,0.5
-640,2646,0.7,0.1,0.6
-641,2647,0.8,0.1,0.7
-642,2648,0.4,0.02,0.38
-643,2649,0.4,0.04,0.36
-644,2650,0.4,0.1,0.3
-645,2651,0.6,0.1,0.5
-646,2652,0.7,0.1,0.6
-647,2653,0.9,0.1,0.8
-648,2654,0.5,0.1,0.4
-649,2655,0.4,0.1,0.3
-650,2656,0.3,0.1,0.2
-651,2657,0.4,0.04,0.36
-652,2658,0.5,0.2,0.3
-653,2659,0.3,0.1,0.2
-654,2660,0.8,0.1,0.7
-655,2661,0.5,0.1,0.4
-656,2662,0.4,0.04,0.36
-657,2663,0.6,0.04,0.56
-658,2664,3,0.04,2.96
-659,2665,0.7,0.2,0.5
-660,2666,0.6,0.06,0.54
-661,2667,0.8,0.2,0.6
-662,2668,1.4,0.2,1.2
-663,2669,0.6,0.1,0.5
-664,2670,0.6,0.02,0.58
-665,2671,1,0.1,0.9
-666,2672,0.6,0.2,0.4
-667,2673,0.4,0.2,0.2
-668,2674,0.7,0.2,0.5
-669,2675,1.2,0.2,1
-670,2676,0.5,0.1,0.4
-671,2677,0.8,0.1,0.7
-672,2678,1,0.2,0.8
-673,2679,1.1,0.04,1.06
-674,2680,0.4,0.1,0.3
-675,2681,1.4,0.1,1.3
-676,2682,0.6,0.1,0.5
-677,2683,1.6,0.1,1.5
-678,2684,0.6,0.1,0.5
-679,2685,0.5,0.1,0.4
-680,2686,0.3,0.1,0.2
-681,2687,0.4,0.1,0.3
-682,2688,0.6,0.2,0.4
-683,2689,0.7,0.1,0.6
-684,2690,0.9,0.12,0.78
-685,2691,1.8,0.06,1.74
-686,2692,0.4,0.04,0.36
-687,2693,0.5,0.03,0.47
-688,2694,0.54,0.06,0.48
-689,2695,0.3,0.1,0.2
-690,2696,0.4,0.1,0.3
-691,2697,0.46,0.03,0.43
-692,2698,0.14,0.04,0.1
-693,2699,0.6,0.04,0.56
-694,2700,1,0.02,0.98
-695,2701,0.6,0.1,0.5
-696,2702,0.7,0.1,0.6
-697,2703,0.6,0.1,0.5
-698,2704,0.7,0.1,0.6
-699,2705,,,
-700,2706,,,
-701,2707,,,
-702,2708,,,
-703,2709,,,
-704,2710,,,
-705,2711,,,
-706,2712,,,
-707,2713,,,
-708,2714,,,
-709,2715,,,
-710,2716,,,
-711,2717,,,
-712,2718,,,
-713,2719,,,
-714,2720,0.6,0.08,0.52
-715,2721,0.3,0.1,0.2
-716,2722,0.3,0.1,0.2
-717,2723,0.4,0.02,0.38
-718,2724,1.5,0.05,1.45
-719,2725,1.1,0.05,1.05
-720,2726,0.6,0.1,0.5
-721,2727,0.7,0.08,0.62
-722,2728,0.6,0.04,0.56
-723,2729,1,0.04,0.96
-724,2730,0.7,0.1,0.6
-725,2731,0.5,0.1,0.4
-726,2732,0.5,0.2,0.3
-727,2733,0.8,0.1,0.7
-728,2734,0.3,0.06,0.24
-729,2735,0.2,0.1,0.1
-730,2736,1.4,0.2,1.2
-731,2737,0.2,0.04,0.16
-732,2738,0.4,0.1,0.3
-733,2739,6.4,0.02,6.38
-734,2740,2.3,0.04,2.26
-735,2741,0.2,0.04,0.16
-736,2742,0.3,0.04,0.26
-737,2743,0.26,0.1,0.16
-738,2744,0.7,0.04,0.66
-739,2745,0.3,0.04,0.26
-740,2746,0.3,0.04,0.26
-741,2747,0.4,0.04,0.36
-742,2748,0.5,0.2,0.3
-743,2749,0.5,0.1,0.4
-744,2750,0.9,0.1,0.8
-745,2751,0.8,0.2,0.6
-746,2752,0.7,0.04,0.66
-747,2753,1,0.1,0.9
-748,2754,1.1,0.1,1
-749,2755,0.6,0.03,0.57
-750,2756,0.3,0.2,0.1
-751,2757,1.2,0.1,1.1
-752,2758,0.9,0.1,0.8
-753,2759,0.4,0.04,0.36
-754,2760,1.7,0.2,1.5
-755,2761,0.5,0.04,0.46
-756,2762,0.2,0.04,0.16
-757,2763,0.8,0.1,0.7
-758,2764,4,0.2,3.8
-759,2765,0.4,0.1,0.3
-760,2766,3.2,0.1,3.1
-761,2767,0.6,0.06,0.54
-762,2768,0.9,0.2,0.7
-763,2769,0.8,0.2,0.6
-764,2770,0.6,0.04,0.56
-765,2771,0.2,0.1,0.1
-766,2772,1.4,0.2,1.2
-767,2773,0.4,0.1,0.3
-768,2774,0.5,0.1,0.4
-769,2775,2.4,0.1,2.3
-770,2776,0.4,0.1,0.3
-771,2777,2.7,0.1,2.6
-772,2778,0.4,0.02,0.38
-773,2779,0.8,0.04,0.76
-774,2780,0.6,0.1,0.5
-775,2781,0.7,0.2,0.5
-776,2782,0.6,0.1,0.5
-777,2783,0.6,0.1,0.5
-778,2784,1.5,0.1,1.4
-779,2785,0.5,0.1,0.4
-780,2786,0.2,0.04,0.16
-781,2787,0.14,0.03,0.11
-782,2788,0.3,0.04,0.26
-783,2789,0.5,0.1,0.4
-784,2790,0.8,0.04,0.76
-785,2791,0.4,0.2,0.2
-786,2792,1.06,0.1,0.96
-787,2793,0.4,0.04,0.36
-788,2794,0.9,0.04,0.86
-789,2795,0.9,0.4,0.5
-790,2796,1.8,0.2,1.6
-791,2797,0.8,0.3,0.5
-792,2798,1.6,0.2,1.4
-793,2799,0.6,0.2,0.4
-794,2800,1.2,0.2,1
-795,2801,1.3,0.1,1.2
-796,2802,0.6,0.1,0.5
-797,2803,0.5,0.1,0.4
-798,2804,0.6,0.1,0.5
-799,2805,0.7,0.3,0.4
-800,2806,0.7,0.2,0.5
-801,2807,0.5,0.06,0.44
-802,2808,0.6,0.2,0.4
-803,2809,1.3,0.1,1.2
-804,2810,0.5,0.1,0.4
-805,2811,0.3,0.06,0.24
-806,2812,1.1,0.04,1.06
-807,2813,0.4,0.04,0.36
-808,2814,0.3,0.04,0.26
-809,2815,0.4,0.03,0.37
-810,2816,0.5,0.04,0.46
-811,2817,0.7,0.2,0.5
-812,2818,0.9,0.03,0.87
-813,2819,0.3,0.04,0.26
-814,2820,0.5,0.1,0.4
-815,2821,1.4,0.04,1.36
-816,2822,0.4,0.04,0.36
-817,2823,1,0.06,0.94
-818,2824,0.7,0.1,0.6
-819,2825,0.6,0.04,0.56
-820,2826,0.9,0.2,0.7
-821,2827,0.2,0.04,0.16
-822,2828,1.4,0.04,1.36
-823,2829,0.8,0.1,0.7
-824,2830,2,0.2,1.8
-825,2831,0.8,0.2,0.6
-826,2832,0.8,0.04,0.76
-827,2833,1,0.1,0.9
-828,2834,0.6,0.2,0.4
-829,2835,1.5,0.06,1.44
-830,2836,0.4,0.1,0.3
-831,2837,1,0.1,0.9
-832,2838,1.1,0.2,0.9
-833,2839,1.2,0.2,1
-834,2840,1.2,0.1,1.1
-835,2841,1.4,0.2,1.2
-836,2842,0.4,0.1,0.3
-837,2843,0.4,0.1,0.3
-838,2844,1.1,0.03,1.07
-839,2845,0.4,0.04,0.36
-840,2846,0.8,0.2,0.6
-841,2847,0.6,0.2,0.4
-842,2848,0.4,0.1,0.3
-843,2849,1.2,0.1,1.1
-844,2850,1.2,0.2,1
-845,2851,0.6,0.04,0.56
-846,2852,1.2,0.4,0.8
-847,2853,0.9,0.2,0.7
-848,2854,0.9,0.04,0.86
-849,2855,0.8,0.2,0.6
-850,2856,1.1,0.1,1
-851,2857,0.8,0.2,0.6
-852,2858,0.7,0.1,0.6
-853,2859,0.6,0.1,0.5
-854,2860,0.5,0.1,0.4
-855,2861,0.6,0.1,0.5
-856,2862,0.6,0.1,0.5
-857,2863,0.7,0.2,0.5
-858,2864,0.8,0.1,0.7
-859,2865,0.9,0.12,0.78
-860,2866,1.2,0.4,0.8
-861,2867,0.8,0.2,0.6
-862,2868,0.9,0.1,0.8
-863,2869,1,0.2,0.8
-864,2870,1.4,0.03,1.37
-865,2871,1.6,0.4,1.2
-866,2872,1,0.2,0.8
-867,2873,0.4,0.04,0.36
-868,2874,0.5,0.1,0.4
-869,2875,0.4,0.04,0.36
-870,2876,0.9,0.04,0.86
-871,2877,1.1,0.2,0.9
-872,2878,0.7,0.4,0.3
-873,2879,0.6,0.04,0.56
-874,2880,1.4,0.2,1.2
-875,2881,0.8,0.2,0.6
-876,2882,0.6,0.1,0.5
-877,2883,0.8,0.2,0.6
-878,2884,0.9,0.2,0.7
-879,2885,0.3,0.04,0.26
-880,2886,0.1,0.04,0.06
-881,2887,0.2,0.04,0.16
-882,2888,1.4,0.1,1.3
-883,2889,1,0.1,0.9
-884,2890,0.8,0.04,0.76
-885,2891,0.6,0.04,0.56
-886,2892,0.7,0.2,0.5
-887,2893,0.5,0.1,0.4
-888,2894,0.3,0.1,0.2
-889,2895,0.7,0.04,0.66
-890,2896,1.1,0.04,1.06
-891,2897,1.8,0.2,1.6
-892,2898,0.1,0.04,0.06
-893,2899,0.3,0.1,0.2
-894,2900,0.5,0.1,0.4
-895,2901,3.2,0.1,3.1
-896,2902,0.2,0.06,0.14
-897,2903,0.9,0.1,0.8
-898,2904,0.8,0.06,0.74
-899,2905,0.4,0.1,0.3
-900,2906,1,0.1,0.9
-901,2907,1.4,0.04,1.36
-902,2908,1.6,0.04,1.56
-903,2909,1,0.2,0.8
-904,2910,1.4,0.1,1.3
-905,2911,0.4,0.1,0.3
-906,2912,0.9,0.1,0.8
-907,2913,1.9,0.04,1.86
-908,2914,0.4,0.03,0.37
-909,2915,1.1,0.04,1.06
-910,2916,0.9,0.04,0.86
-911,2917,0.5,0.04,0.46
-912,2918,0.3,0.1,0.2
-913,2919,0.4,0.1,0.3
-914,2920,1,0.1,0.9
-915,2921,0.7,0.1,0.6
-916,2922,1,0.2,0.8
-917,2923,1,0.2,0.8
-918,2924,1.4,0.2,1.2
-919,2925,0.6,0.1,0.5
-920,2926,0.8,0.1,0.7
-921,2927,2.2,0.4,1.8
-922,2928,0.9,0.04,0.86
-923,2929,1.1,0.1,1
-924,2930,0.5,0.08,0.42
-925,2931,0.6,0.2,0.4
-926,2932,1,0.2,0.8
-927,2933,1.4,0.06,1.34
-928,2934,0.3,0.1,0.2
-929,2935,0.2,0.1,0.1
-930,2936,0.2,0.06,0.14
-931,2937,0.5,0.04,0.46
-932,2938,0.6,0.04,0.56
-933,2939,0.6,0.1,0.5
-934,2940,0.5,0.2,0.3
-935,2941,0.8,0.04,0.76
-936,2942,0.6,0.1,0.5
-937,2943,0.4,0.1,0.3
-938,2944,1,0.1,0.9
-939,2945,0.6,0.1,0.5
-940,2946,1.4,0.14,1.26
-941,2947,0.6,0.1,0.5
-942,2948,1,0.1,0.9
-943,2949,1.1,0.12,0.98
-944,2950,0.8,0.1,0.7
-945,2951,0.6,0.2,0.4
-946,2952,1.4,0.2,1.2
-947,2953,0.6,0.14,0.46
-948,2954,1.6,0.04,1.56
-949,2955,0.5,0.1,0.4
-950,2956,0.9,0.04,0.86
-951,2957,0.6,0.1,0.5
-952,2958,0.8,0.1,0.7
-953,2959,0.4,0.1,0.3
-954,2960,1,0.1,0.9
-955,2961,0.9,0.1,0.8
-956,2962,2.8,0.1,2.7
-957,2963,1.2,0.1,1.1
-958,2964,0.4,0.1,0.3
-959,2965,0.6,0.1,0.5
-960,2966,1.6,0.2,1.4
-961,2967,0.9,0.06,0.84
-962,2968,2.8,0.04,2.76
-963,2969,2,0.1,1.9
-964,2970,0.3,0.06,0.24
-965,2971,0.7,0.04,0.66
-966,2972,1.1,0.1,1
-967,2973,2.3,0.1,2.2
-968,2974,0.7,0.04,0.66
-969,2975,0.4,0.1,0.3
-970,2976,0.2,0.04,0.16
-971,2977,0.1,0.04,0.06
-972,2978,0.6,0.04,0.56
-973,2979,0.8,0.1,0.7
-974,2980,1,0.06,0.94
-975,2981,0.7,0.1,0.6
-976,2982,0.8,0.2,0.6
-977,2983,0.6,0.4,0.2
-978,2984,0.5,0.3,0.2
-979,2985,0.6,0.2,0.4
-980,2986,0.7,0.04,0.66
-981,2987,1.4,0.04,1.36
-982,2988,0.2,0.1,0.1
-983,2989,0.3,0.04,0.26
-984,2990,0.6,0.1,0.5
-985,2991,0.2,0.1,0.1
-986,2992,0.9,0.04,0.86
-987,2993,0.6,0.1,0.5
-988,2994,0.1,0.06,0.04
-989,2995,0.8,0.06,0.74
-990,2996,0.5,0.06,0.44
-991,2997,0.3,0.1,0.2
-992,2998,0.6,0.04,0.56
-993,2999,0.7,0.1,0.6
-994,3000,0.8,0.2,0.6
-995,3001,1.2,0.04,1.16
-996,3002,0.5,0.2,0.3
-997,3003,0.7,0.1,0.6
-998,3004,0.6,0.1,0.5
-999,3005,1.2,0.04,1.16
-1000,3006,0.4,0.1,0.3
-1001,3007,0.5,0.1,0.4
-1002,3008,0.6,0.1,0.5
-1003,3009,0.3,0.1,0.2
-1004,3010,0.5,0.1,0.4
-1005,3011,1,0.1,0.9
-1006,3012,0.3,0.1,0.2
-1007,3013,0.8,0.06,0.74
-1008,3014,0.3,0.1,0.2
-1009,3015,0.2,0.04,0.16
-1010,3016,0.5,0.1,0.4
-1011,3017,0.2,0.04,0.16
-1012,3018,0.24,0.06,0.18
-1013,3019,0.8,0.06,0.74
-1014,3020,0.2,0.04,0.16
-1015,3021,0.5,0.1,0.4
-1016,3022,1.1,0.2,0.9
-1017,3023,0.8,0.2,0.6
-1018,3024,0.5,0.2,0.3
-1019,3025,0.4,0.2,0.2
-1020,3026,0.3,0.1,0.2
-1021,3027,0.34,0.04,0.3
-1022,3028,0.5,0.1,0.4
-1023,3029,0.3,0.1,0.2
-1024,3030,0.8,0.04,0.76
-1025,3031,0.2,0.1,0.1
-1026,3032,0.4,0.1,0.3
-1027,3033,0.8,0.1,0.7
-1028,3034,0.5,0.2,0.3
-1029,3035,1.2,0.1,1.1
-1030,3036,0.2,0.04,0.16
-1031,3037,0.8,0.1,0.7
-1032,3038,0.8,0.1,0.7
-1033,3039,0.6,0.1,0.5
-1034,3040,0.64,0.1,0.54
-1035,3041,0.2,0.1,0.1
-1036,3042,0.7,0.1,0.6
-1037,3043,0.5,0.1,0.4
-1038,3044,0.8,0.04,0.76
-1039,3045,0.2,0.04,0.16
-1040,3046,0.2,0.1,0.1
-1041,3047,0.3,0.04,0.26
-1042,3048,0.3,0.2,0.1
-1043,3049,0.2,0.1,0.1
-1044,3050,1,0.04,0.96
-1045,3051,0.2,0.1,0.1
-1046,3052,0.6,0.1,0.5
-1047,3053,0.8,0.2,0.6
-1048,3054,0.7,0.2,0.5
-1049,3055,0.6,0.2,0.4
-1050,3056,0.5,0.1,0.4
